,Name,0.1_dag_shd,shd,epoch,Hostname,score,dataset_name,recall_mask,fraction_edges_mask,State,Notes,User,Tags,Created,Runtime,Sweep,adapt_to_n,batch_size,model_kwargs.dim_hidden,model_kwargs.num_layers,model_kwargs.power_iteration_n_steps,number_of_samples,stage1_kwargs.alpha,stage1_kwargs.batch_size,stage1_kwargs.beta,stage1_kwargs.gamma_increment,stage1_kwargs.learning_rate,stage1_kwargs.mask_threshold,stage1_kwargs.n_epochs,stage1_kwargs.n_epochs_check,stage2_kwargs.alpha,stage2_kwargs.batch_size,stage2_kwargs.beta,stage2_kwargs.dag_penalty_flavor,stage2_kwargs.freeze_gamma_at_dag,stage2_kwargs.freeze_gamma_threshold,stage2_kwargs.gamma_increment,stage2_kwargs.gamma_schedule,stage2_kwargs.learning_rate,stage2_kwargs.n_epochs,stage2_kwargs.n_epochs_check,stage2_kwargs.threshold,alpha,dag,epoch_loss,gamma,is_prescreen,l1,l2,n_edges_pred,n_edges_pred_double_th,n_edges_pred_half_th,nll,precision,precision_double_th,precision_half_th,recall,recall_double_th,recall_half_th,score_double_th,score_half_th,shd_double_th,shd_half_th,validation_loss,0.05_n_edges_pred,0.05_precision,0.05_recall,0.05_score,0.05_shd,0.1_dag_n_edges_pred,0.1_dag_precision,0.1_dag_recall,0.1_dag_score,0.1_n_edges_pred,0.1_precision,0.1_recall,0.1_score,0.1_shd,0.3_n_edges_pred,0.3_precision,0.3_recall,0.3_score,0.3_shd,dataset_i,run_id,seed,stage2_n_epochs,nodes_edges
0,data_p20_e80_n10000_linear_struct_5,37,38,3341,bobo,46,data_p20_e80_n10000_linear_struct,0.7530864197530864,0.2925,finished,-,achille,,2023-10-04T16:27:39.000Z,1082,,False,256,10,1,15,8000,0.01,256,0.0002,0,0.002,0.2,2000,100,0.0005,256,0.005,power_iteration,True,0.01,0.005,linear,0.001,2000,100,0.1,0.0005,0.1778904232196509,16.010840445756912,7.303651825912956,0,0.0545973256230354,1.1720678992569449,65,60,67,13.48492556810379,0.7692307692307693,0.8,0.746268656716418,0.6172839506172839,0.5925925925925926,0.6172839506172839,45,48,38,38,107.6531982421875,66,0.7575757575757576,0.6172839506172839,47,39,63,0.7936507936507936,0.6172839506172839,44,63,0.7936507936507936,0.6172839506172839,44,37,51,0.803921568627451,0.5061728395061729,50,43,5,4,0,2000,p20_e80
1,data_p20_e80_n10000_linear_struct_2,33,32,2481,bobo,38,data_p20_e80_n10000_linear_struct,0.8191489361702128,0.32,finished,-,achille,,2023-10-04T16:27:39.000Z,642,,False,256,10,1,15,8000,0.01,256,0.0002,0,0.002,0.2,2000,100,0.0005,256,0.005,power_iteration,True,0.01,0.005,linear,0.001,2000,100,0.1,0.0005,0.4028102792799473,14.403198450803757,5.9029514757378685,0,0.0663704671896994,1.5357277132570744,86,81,87,10.423330694437029,0.8255813953488372,0.8395061728395061,0.8275862068965517,0.7553191489361702,0.723404255319149,0.7659574468085106,39,37,33,31,82.2913179397583,88,0.8068181818181818,0.7553191489361702,40,33,86,0.813953488372093,0.7446808510638298,40,86,0.813953488372093,0.7446808510638298,40,33,67,0.8656716417910447,0.6170212765957447,45,40,2,4,0,2000,p20_e80
2,data_p20_e80_n10000_nnadd_struct_7,27,28,3501,rowlf,34,data_p20_e80_n10000_nnadd_struct,0.9620253164556962,0.4,finished,-,achille,,2023-10-04T16:30:03.000Z,1087,,False,256,10,1,15,8000,0.01,256,0.0002,0,0.002,0.2,2000,100,0.0005,256,0.005,power_iteration,True,0.01,0.005,linear,0.001,2000,100,0.1,0.0005,0.5202072635293007,11.310344398021698,9.504752376188094,0,0.104689804604277,4.171853885054588,87,82,92,2.08935958519578,0.7586206896551724,0.7926829268292683,0.717391304347826,0.8354430379746836,0.8227848101265823,0.8354430379746836,31,39,26,32,20.343987464904785,90,0.7333333333333333,0.8354430379746836,37,31,86,0.7674418604651163,0.8354430379746836,33,86,0.7674418604651163,0.8354430379746836,33,27,79,0.8227848101265823,0.8227848101265823,28,24,7,4,0,2000,p20_e80
3,data_p20_e80_n10000_nnadd_struct_1,26,26,3861,rowlf,30,data_p20_e80_n10000_nnadd_struct,0.9743589743589745,0.3625,finished,-,achille,,2023-10-04T16:30:03.000Z,1170,,False,256,10,1,15,8000,0.01,256,0.0002,0,0.002,0.2,2000,100,0.0005,256,0.005,power_iteration,True,0.01,0.005,linear,0.001,2000,100,0.1,0.0005,0.6393711473792791,8.664536774158478,9.504752376188094,0,0.0956949556712061,4.344438016414642,86,81,90,-1.8526605647057297,0.7790697674418605,0.7901234567901234,0.7444444444444445,0.8589743589743589,0.8205128205128205,0.8589743589743589,31,34,28,30,-13.03311175107956,88,0.7613636363636364,0.8589743589743589,32,28,86,0.7790697674418605,0.8589743589743589,30,86,0.7790697674418605,0.8589743589743589,30,26,76,0.8157894736842105,0.7948717948717948,30,27,1,4,0,2000,p20_e80
4,data_p20_e80_n10000_nnadd_struct_6,25,25,3980,rowlf,30,data_p20_e80_n10000_nnadd_struct,0.9651162790697676,0.36,finished,-,achille,,2023-10-04T16:30:03.000Z,1197,,False,256,10,1,15,8000,0.01,256,0.0002,0,0.002,0.2,2000,100,0.0005,256,0.005,power_iteration,True,0.01,0.005,linear,0.001,2000,100,0.1,0.0005,0.6721605751663446,9.65347671508789,9.504752376188094,0,0.0965112219564616,4.526444435119629,90,80,94,-1.3581986017525196,0.8111111111111111,0.8625,0.8085106382978723,0.8488372093023255,0.8023255813953488,0.8837209302325582,28,28,24,22,-7.019695341587067,93,0.8172043010752689,0.8837209302325582,27,22,88,0.8181818181818182,0.8372093023255814,30,88,0.8181818181818182,0.8372093023255814,30,25,76,0.8552631578947368,0.7558139534883721,32,28,6,4,0,2000,p20_e80
5,data_p20_e80_n10000_nnadd_struct_2,22,22,3821,rowlf,26,data_p20_e80_n10000_nnadd_struct,0.9743589743589745,0.38,finished,-,achille,,2023-10-04T16:30:03.000Z,1161,,False,256,10,1,15,8000,0.01,256,0.0002,0,0.002,0.2,2000,100,0.0005,256,0.005,power_iteration,True,0.01,0.005,linear,0.001,2000,100,0.1,0.0005,0.6303170509636402,9.75767070055008,9.504752376188094,0,0.1032410643529146,4.575212240219116,80,78,84,-0.9117898773401976,0.825,0.8461538461538461,0.7976190476190477,0.8461538461538461,0.8461538461538461,0.8589743589743589,24,28,21,23,-5.171568751335144,84,0.7976190476190477,0.8589743589743589,28,23,80,0.825,0.8461538461538461,26,80,0.825,0.8461538461538461,26,22,76,0.8552631578947368,0.8333333333333334,24,21,2,4,0,2000,p20_e80
6,data_p20_e80_n10000_linear_struct_10,21,21,2141,bobo,26,data_p20_e80_n10000_linear_struct,0.9195402298850576,0.345,finished,-,achille,,2023-10-04T16:27:39.000Z,582,,False,256,10,1,15,8000,0.01,256,0.0002,0,0.002,0.2,2000,100,0.0005,256,0.005,power_iteration,True,0.01,0.005,linear,0.001,2000,100,0.1,0.0005,0.34851317666471,12.625782668590546,6.503251625812906,0,0.0670468446332961,1.4861571826040745,87,81,88,8.806109845638275,0.8505747126436781,0.8765432098765432,0.8409090909090909,0.8505747126436781,0.8160919540229885,0.8505747126436781,26,27,22,22,71.22646236419678,88,0.8409090909090909,0.8505747126436781,27,22,86,0.8604651162790697,0.8505747126436781,25,86,0.8604651162790697,0.8505747126436781,25,21,68,0.8970588235294118,0.7011494252873564,33,29,10,4,0,2000,p20_e80
7,data_p20_e80_n10000_linear_struct_7,19,19,2821,bobo,23,data_p20_e80_n10000_linear_struct,0.8961038961038961,0.335,finished,-,achille,,2023-10-04T16:27:39.000Z,735,,False,256,10,1,15,8000,0.01,256,0.0002,0,0.002,0.2,2000,100,0.0005,256,0.005,power_iteration,True,0.01,0.005,linear,0.001,2000,100,0.1,0.0005,0.1814280482940376,15.892888695001602,9.504752376188094,0,0.041931134648621,1.9851805828511715,64,56,67,12.141348361968994,0.921875,0.9642857142857144,0.8805970149253731,0.7662337662337663,0.7012987012987013,0.7662337662337663,25,26,24,21,97.88285732269289,66,0.8939393939393939,0.7662337662337663,25,20,64,0.921875,0.7662337662337663,23,64,0.921875,0.7662337662337663,23,19,52,0.9807692307692308,0.6623376623376623,27,27,7,4,0,2000,p20_e80
8,data_p20_e80_n10000_linear_struct_6,19,19,2581,bobo,22,data_p20_e80_n10000_linear_struct,0.9125,0.36,finished,-,achille,,2023-10-04T16:27:39.000Z,688,,False,256,10,1,15,8000,0.01,256,0.0002,0,0.002,0.2,2000,100,0.0005,256,0.005,power_iteration,True,0.01,0.005,linear,0.001,2000,100,0.1,0.0005,0.3170514721423387,15.327620595693588,9.504752376188094,0,0.0562932403990998,1.60501092299819,72,69,74,10.652820587158203,0.9027777777777778,0.9130434782608696,0.8918918918918919,0.8125,0.7875,0.825,23,22,20,19,85.65025615692139,72,0.9027777777777778,0.8125,22,19,72,0.9027777777777778,0.8125,22,72,0.9027777777777778,0.8125,22,19,58,0.9482758620689656,0.6875,28,27,6,4,0,2000,p20_e80
9,data_p20_e80_n10000_nnadd_struct_4,19,19,3361,rowlf,20,data_p20_e80_n10000_nnadd_struct,0.9883720930232558,0.3975,finished,-,achille,,2023-10-04T16:30:03.000Z,1039,,False,256,10,1,15,8000,0.01,256,0.0002,0,0.002,0.2,2000,100,0.0005,256,0.005,power_iteration,True,0.01,0.005,linear,0.001,2000,100,0.1,0.0005,0.3116386523470282,5.271300598978996,7.803901950975488,0,0.1194847940932959,3.3175298050045967,94,90,95,-0.5977115025743842,0.851063829787234,0.8888888888888888,0.8526315789473684,0.9302325581395348,0.9302325581395348,0.9418604651162792,16,19,15,18,-3.993007391691208,95,0.8526315789473684,0.9418604651162792,19,18,94,0.851063829787234,0.9302325581395348,20,94,0.851063829787234,0.9302325581395348,20,19,85,0.9294117647058824,0.9186046511627908,13,13,4,4,0,2000,p20_e80
10,data_p20_e80_n10000_nnadd_struct_3,19,19,3980,rowlf,20,data_p20_e80_n10000_nnadd_struct,0.975,0.3925,finished,-,achille,,2023-10-04T16:30:03.000Z,1208,,False,256,10,1,15,8000,0.01,256,0.0002,0,0.002,0.2,2000,100,0.0005,256,0.005,power_iteration,True,0.01,0.005,linear,0.001,2000,100,0.1,0.0005,0.4447821052744984,8.68297827243805,9.504752376188094,0,0.0911945081315934,3.424735702574253,84,80,86,0.9395044753327966,0.8571428571428571,0.875,0.8372093023255814,0.9,0.875,0.9,20,22,20,21,7.51805254817009,86,0.8372093023255814,0.9,22,21,84,0.8571428571428571,0.9,20,84,0.8571428571428571,0.9,20,19,77,0.8701298701298701,0.8375,23,23,3,4,0,2000,p20_e80
11,data_p20_e80_n10000_linear_struct_8,19,19,2661,bobo,22,data_p20_e80_n10000_linear_struct,0.8690476190476191,0.31,finished,-,achille,,2023-10-04T16:27:39.000Z,677,,False,256,10,1,15,8000,0.01,256,0.0002,0,0.002,0.2,2000,100,0.0005,256,0.005,power_iteration,True,0.01,0.005,linear,0.001,2000,100,0.1,0.0005,0.2559455642476678,14.04430615901947,5.402701350675337,0,0.0628614297602325,1.1283369660377502,78,77,79,11.470310181379318,0.8974358974358975,0.9090909090909092,0.8860759493670886,0.8333333333333334,0.8333333333333334,0.8333333333333334,21,23,18,19,92.54846858978271,79,0.8860759493670886,0.8333333333333334,23,19,78,0.8974358974358975,0.8333333333333334,22,78,0.8974358974358975,0.8333333333333334,22,19,64,0.9375,0.7142857142857143,28,26,8,4,0,2000,p20_e80
12,data_p20_e80_n10000_linear_struct_1,19,20,2521,bobo,24,data_p20_e80_n10000_linear_struct,0.9142857142857144,0.3025,finished,-,achille,,2023-10-04T16:27:39.000Z,661,,False,256,10,1,15,8000,0.01,256,0.0002,0,0.002,0.2,2000,100,0.0005,256,0.005,power_iteration,True,0.01,0.005,linear,0.001,2000,100,0.1,0.0005,0.2369624427519738,14.376943677663805,8.504252126063031,0,0.0539823670405894,1.287184365093708,66,64,68,11.020588487386703,0.8484848484848485,0.875,0.8235294117647058,0.8,0.8,0.8,22,26,18,21,88.21846675872803,69,0.8115942028985508,0.8,27,21,67,0.835820895522388,0.8,25,67,0.835820895522388,0.8,25,19,54,0.9444444444444444,0.7285714285714285,22,19,1,4,0,2000,p20_e80
13,data_p20_e80_n10000_nn_struct_10,18,18,3861,statler,19,data_p20_e80_n10000_nn_struct,0.9629629629629628,0.34,finished,-,achille,,2023-10-04T16:31:36.000Z,1574,,False,256,10,1,15,8000,0.01,256,0.0002,0,0.002,0.2,2000,100,0.0005,256,0.005,power_iteration,True,0.01,0.005,linear,0.001,2000,100,0.1,0.0005,0.3205714290961623,14.952590465545654,8.0040020010005,0,0.094679674366489,2.0290252789855003,70,66,70,10.263031244277954,0.9428571428571428,0.9696969696969696,0.9428571428571428,0.8148148148148148,0.7901234567901234,0.8148148148148148,19,19,19,18,83.93348598480225,71,0.943661971830986,0.8271604938271605,18,17,70,0.9428571428571428,0.8148148148148148,19,70,0.9428571428571428,0.8148148148148148,19,18,64,0.96875,0.7654320987654321,21,21,10,4,0,2000,p20_e80
14,data_p20_e80_n10000_nn_struct_2,17,17,3721,statler,17,data_p20_e80_n10000_nn_struct,0.9404761904761904,0.3125,finished,-,achille,,2023-10-04T16:31:36.000Z,1534,,False,256,10,1,15,8000,0.01,256,0.0002,0,0.002,0.2,2000,100,0.0005,256,0.005,power_iteration,True,0.01,0.005,linear,0.001,2000,100,0.1,0.0005,0.2181472764350474,13.686054915189745,8.80440220110055,0,0.0976559014525264,2.084140345454216,71,70,72,9.583602279424667,0.971830985915493,0.9714285714285714,0.9722222222222222,0.8214285714285714,0.8095238095238095,0.8333333333333334,18,16,18,16,77.02074527740479,72,0.9722222222222222,0.8333333333333334,16,16,71,0.971830985915493,0.8214285714285714,17,71,0.971830985915493,0.8214285714285714,17,17,67,0.9850746268656716,0.7857142857142857,19,19,2,4,0,2000,p20_e80
15,data_p20_e80_n10000_nn_struct_5,16,16,3600,statler,16,data_p20_e80_n10000_nn_struct,0.9390243902439024,0.33,finished,-,achille,,2023-10-04T16:31:36.000Z,1465,,False,256,10,1,15,8000,0.01,256,0.0002,0,0.002,0.2,2000,100,0.0005,256,0.005,power_iteration,True,0.01,0.005,linear,0.001,2000,100,0.1,0.0005,0.3991612428799272,13.145038455724716,5.102551275637818,0,0.0950883266050368,1.99291904643178,72,69,75,9.020290285348892,0.9583333333333334,0.9855072463768116,0.9333333333333332,0.8414634146341463,0.8292682926829268,0.8536585365853658,15,17,15,17,72.72713470458984,75,0.9333333333333332,0.8536585365853658,17,17,72,0.9583333333333334,0.8414634146341463,16,72,0.9583333333333334,0.8414634146341463,16,16,69,0.9855072463768116,0.8292682926829268,15,15,5,4,0,2000,p20_e80
16,data_p20_e80_n10000_nn_struct_4,16,18,3180,statler,23,data_p20_e80_n10000_nn_struct,0.967741935483871,0.325,finished,-,achille,,2023-10-04T16:31:36.000Z,1299,,False,256,10,1,15,8000,0.01,256,0.0002,0,0.002,0.2,2000,100,0.0005,256,0.005,power_iteration,True,0.01,0.005,linear,0.001,2000,100,0.1,0.0005,0.3262213375419378,14.889753222465515,4.902451225612806,0,0.0999389656353742,1.887288887053728,82,75,82,11.303241282701492,0.926829268292683,0.96,0.926829268292683,0.8172043010752689,0.7741935483870968,0.8172043010752689,24,23,21,18,91.36019897460938,85,0.9294117647058824,0.8494623655913979,20,15,81,0.9506172839506172,0.8279569892473119,20,81,0.9506172839506172,0.8279569892473119,20,16,75,0.9733333333333334,0.7849462365591398,22,20,4,4,0,2000,p20_e80
17,data_p20_e80_n10000_nn_struct_8,15,15,3821,statler,15,data_p20_e80_n10000_nn_struct,0.8674698795180723,0.2875,finished,-,achille,,2023-10-04T16:31:36.000Z,1567,,False,256,10,1,15,8000,0.01,256,0.0002,0,0.002,0.2,2000,100,0.0005,256,0.005,power_iteration,True,0.01,0.005,linear,0.001,2000,100,0.1,0.0005,0.2868568850681185,14.02756404876709,4.00200100050025,0,0.0804837939795106,1.5961413569748402,70,67,71,11.20293739438057,0.9857142857142858,0.9850746268656716,0.971830985915493,0.8313253012048193,0.7951807228915663,0.8313253012048193,18,16,18,16,90.33789539337158,71,0.971830985915493,0.8313253012048193,16,16,70,0.9857142857142858,0.8313253012048193,15,70,0.9857142857142858,0.8313253012048193,15,15,62,1.0,0.7469879518072289,21,21,8,4,0,2000,p20_e80
18,data_p20_e80_n10000_nn_struct_9,15,15,3201,statler,18,data_p20_e80_n10000_nn_struct,0.9506172839506172,0.2925,finished,-,achille,,2023-10-04T16:31:36.000Z,1357,,False,256,10,1,15,8000,0.01,256,0.0002,0,0.002,0.2,2000,100,0.0005,256,0.005,power_iteration,True,0.01,0.005,linear,0.001,2000,100,0.1,0.0005,0.2030980545096099,15.05786281824112,8.204102051025513,0,0.102960487594828,1.949462827295065,77,75,77,11.33920207619667,0.9090909090909092,0.9333333333333332,0.9090909090909092,0.8641975308641975,0.8641975308641975,0.8641975308641975,16,18,14,15,91.15216445922852,77,0.9090909090909092,0.8641975308641975,18,15,77,0.9090909090909092,0.8641975308641975,18,77,0.9090909090909092,0.8641975308641975,18,15,73,0.9315068493150684,0.8395061728395061,18,16,9,4,0,2000,p20_e80
19,data_p20_e80_n10000_nnadd_struct_9,14,14,3361,rowlf,14,data_p20_e80_n10000_nnadd_struct,0.975,0.41,finished,-,achille,,2023-10-04T16:30:03.000Z,1199,,False,256,10,1,15,8000,0.01,256,0.0002,0,0.002,0.2,2000,100,0.0005,256,0.005,power_iteration,True,0.01,0.005,linear,0.001,2000,100,0.1,0.0005,0.507569307461381,10.499977171421053,9.504752376188094,0,0.0988833077717572,3.8976185247302055,86,79,87,1.6791547387838364,0.8837209302325582,0.9367088607594936,0.8735632183908046,0.95,0.925,0.95,11,15,11,15,18.69606304168701,87,0.8735632183908046,0.95,15,15,86,0.8837209302325582,0.95,14,86,0.8837209302325582,0.95,14,14,76,0.9473684210526316,0.9,12,12,9,4,0,2000,p20_e80
20,data_p20_e80_n10000_nn_struct_7,14,13,3720,statler,14,data_p20_e80_n10000_nn_struct,0.9857142857142858,0.3025,finished,-,achille,,2023-10-04T16:31:36.000Z,1508,,False,256,10,1,15,8000,0.01,256,0.0002,0,0.002,0.2,2000,100,0.0005,256,0.005,power_iteration,True,0.01,0.005,linear,0.001,2000,100,0.1,0.0005,0.1729263262823224,14.62912619113922,7.603801900950475,0,0.0947216586209833,1.9533966854214668,62,60,62,11.26611030101776,0.9516129032258064,0.95,0.9516129032258064,0.8428571428571429,0.8142857142857143,0.8428571428571429,16,14,15,13,89.77039051055908,67,0.9104477611940298,0.8714285714285714,15,12,63,0.9365079365079364,0.8428571428571429,15,63,0.9365079365079364,0.8428571428571429,15,14,57,0.9298245614035088,0.7571428571428571,21,20,7,4,0,2000,p20_e80
21,data_p20_e80_n10000_nn_struct_6,13,14,3861,statler,17,data_p20_e80_n10000_nn_struct,0.971830985915493,0.295,finished,-,achille,,2023-10-04T16:31:36.000Z,1578,,False,256,10,1,15,8000,0.01,256,0.0002,0,0.002,0.2,2000,100,0.0005,256,0.005,power_iteration,True,0.01,0.005,linear,0.001,2000,100,0.1,0.0005,0.2284438563510775,16.022367030382156,7.403701850925462,0,0.0767002918291837,1.5446193739771843,70,67,70,12.709716945886612,0.8857142857142857,0.9104477611940298,0.8857142857142857,0.8732394366197183,0.8591549295774648,0.8732394366197183,16,17,13,14,102.55381870269775,70,0.8857142857142857,0.8732394366197183,17,14,69,0.8985507246376812,0.8732394366197183,16,69,0.8985507246376812,0.8732394366197183,16,13,65,0.9076923076923076,0.8309859154929577,18,15,6,4,0,2000,p20_e80
22,data_p20_e80_n10000_nn_struct_3,13,14,3501,statler,15,data_p20_e80_n10000_nn_struct,0.96875,0.29,finished,-,achille,,2023-10-04T16:31:36.000Z,1469,,False,256,10,1,15,8000,0.01,256,0.0002,0,0.002,0.2,2000,100,0.0005,256,0.005,power_iteration,True,0.01,0.005,linear,0.001,2000,100,0.1,0.0005,0.3568613212555647,17.35124146938324,9.504752376188094,0,0.0972105741966515,2.8153214305639267,69,66,69,11.046830952167513,0.855072463768116,0.8787878787878788,0.855072463768116,0.921875,0.90625,0.921875,14,15,13,14,89.45344352722168,69,0.855072463768116,0.921875,15,14,68,0.8676470588235294,0.921875,14,68,0.8676470588235294,0.921875,14,13,65,0.8923076923076924,0.90625,13,12,3,4,0,2000,p20_e80
23,data_p20_e80_n10000_nnadd_struct_5,12,12,3821,rowlf,13,data_p20_e80_n10000_nnadd_struct,0.9855072463768116,0.3525,finished,-,achille,,2023-10-04T16:30:03.000Z,1166,,False,256,10,1,15,8000,0.01,256,0.0002,0,0.002,0.2,2000,100,0.0005,256,0.005,power_iteration,True,0.01,0.005,linear,0.001,2000,100,0.1,0.0005,0.4840164994820952,12.19608137011528,9.504752376188094,0,0.0791672852355986,3.577078714966774,68,66,72,3.939378544688225,0.9117647058823528,0.9242424242424242,0.875,0.8985507246376812,0.8840579710144928,0.9130434782608696,13,15,12,14,31.906110286712646,72,0.875,0.9130434782608696,15,14,68,0.9117647058823528,0.8985507246376812,13,68,0.9117647058823528,0.8985507246376812,13,12,64,0.9375,0.8695652173913043,13,12,5,4,0,2000,p20_e80
24,data_p20_e80_n10000_nn_struct_1,12,16,3101,statler,16,data_p20_e80_n10000_nn_struct,0.986842105263158,0.3175,finished,-,achille,,2023-10-04T16:31:36.000Z,1287,,False,256,10,1,15,8000,0.01,256,0.0002,0,0.002,0.2,2000,100,0.0005,256,0.005,power_iteration,True,0.01,0.005,linear,0.001,2000,100,0.1,0.0005,0.3114375378936529,14.243846327066422,6.4032016008004,0,0.0949462186545133,2.028007440268994,72,69,75,10.126695364713669,0.9166666666666666,0.9420289855072465,0.9066666666666666,0.868421052631579,0.8552631578947368,0.8947368421052632,15,15,15,15,81.3265438079834,78,0.8974358974358975,0.9210526315789472,14,14,74,0.9324324324324323,0.9078947368421052,12,74,0.9324324324324323,0.9078947368421052,12,12,68,0.9411764705882352,0.8421052631578947,16,16,1,4,0,2000,p20_e80
25,data_p10_e40_n10000_nn_struct_1,11,12,2840,statler,14,data_p10_e40_n10000_nn_struct,0.9047619047619048,0.6,finished,-,achille,,2023-10-04T16:31:36.000Z,1038,,False,256,10,1,15,8000,0.01,256,0.0002,0,0.002,0.2,2000,100,0.0005,256,0.005,power_iteration,True,0.01,0.005,linear,0.001,2000,100,0.1,0.0005,0.4249263051897287,7.466607600450516,3.2016008004002,0,0.0434523076983168,1.003375332802534,32,30,34,5.059335544705391,0.9375,0.9666666666666668,0.9411764705882352,0.7142857142857143,0.6904761904761905,0.7619047619047619,14,12,13,10,39.66935062408447,35,0.9428571428571428,0.7857142857142857,11,9,33,0.9393939393939394,0.7380952380952381,13,33,0.9393939393939394,0.7380952380952381,13,11,29,1.0,0.6904761904761905,13,13,1,4,0,2000,p10_e40
26,data_p10_e40_n10000_nn_struct_4,11,11,3821,statler,12,data_p10_e40_n10000_nn_struct,0.925,0.59,finished,-,achille,,2023-10-04T16:31:36.000Z,1429,,False,256,10,1,15,8000,0.01,256,0.0002,0,0.002,0.2,2000,100,0.0005,256,0.005,power_iteration,True,0.01,0.005,linear,0.001,2000,100,0.1,0.0005,0.1658233809284866,9.007650822401049,1.9009504752376187,0,0.0359771871007978,0.72745674662292,30,28,30,7.928994864225388,0.9666666666666668,1.0,0.9666666666666668,0.725,0.7,0.725,12,12,12,11,63.705894947052,30,0.9666666666666668,0.725,12,11,30,0.9666666666666668,0.725,12,30,0.9666666666666668,0.725,12,11,28,1.0,0.7,12,12,4,4,0,2000,p10_e40
27,data_p10_e40_n10000_linear_struct_3,11,12,2740,bobo,14,data_p10_e40_n10000_linear_struct,0.8333333333333334,0.65,finished,-,achille,,2023-10-04T16:27:39.000Z,643,,False,256,10,1,15,8000,0.01,256,0.0002,0,0.002,0.2,2000,100,0.0005,256,0.005,power_iteration,True,0.01,0.005,linear,0.001,2000,100,0.1,0.0005,0.2376050455495715,6.944384917616844,2.6013006503251623,0,0.0238531412323936,0.5243864841759205,34,31,34,5.778063043951988,0.9117647058823528,0.967741935483871,0.9117647058823528,0.7380952380952381,0.7142857142857143,0.7380952380952381,13,14,12,12,46.60463523864746,35,0.8857142857142857,0.7380952380952381,15,12,34,0.9117647058823528,0.7380952380952381,14,34,0.9117647058823528,0.7380952380952381,14,11,24,1.0,0.5714285714285714,18,18,3,4,0,2000,p10_e40
28,data_p20_e80_n10000_nnadd_struct_8,11,11,3721,rowlf,13,data_p20_e80_n10000_nnadd_struct,1.0,0.2925,finished,-,achille,,2023-10-04T16:30:03.000Z,1131,,False,256,10,1,15,8000,0.01,256,0.0002,0,0.002,0.2,2000,100,0.0005,256,0.005,power_iteration,True,0.01,0.005,linear,0.001,2000,100,0.1,0.0005,0.4302183240652085,8.272267907857895,9.504752376188094,0,0.0978821027092635,4.004513159394264,72,71,75,0.0807539680972695,0.875,0.8873239436619719,0.8533333333333334,0.9402985074626866,0.9402985074626866,0.9552238805970148,12,14,10,12,3.2082778215408325,76,0.8421052631578947,0.9552238805970148,15,13,72,0.875,0.9402985074626866,13,72,0.875,0.9402985074626866,13,11,69,0.8985507246376812,0.9253731343283582,12,10,8,4,0,2000,p20_e80
29,data_p10_e40_n10000_linear_struct_7,11,11,1341,floyd,12,data_p10_e40_n10000_linear_struct,0.925,0.55,finished,-,achille,,2023-10-04T16:27:42.000Z,342,,False,256,10,1,15,8000,0.01,256,0.0002,0,0.002,0.2,2000,100,0.0005,256,0.005,power_iteration,True,0.01,0.005,linear,0.001,2000,100,0.1,0.0005,0.2770680394023657,6.197162121534348,2.901450725362681,0,0.0229022099520079,0.6056882292032242,30,29,33,4.764672487974167,0.9666666666666668,0.9655172413793104,0.9393939393939394,0.725,0.7,0.775,13,11,12,10,37.73620843887329,33,0.9393939393939394,0.775,11,10,30,0.9666666666666668,0.725,12,30,0.9666666666666668,0.725,12,11,22,1.0,0.55,18,18,7,4,0,2000,p10_e40
30,data_p20_e20_n10000_linear_struct_9,11,11,2421,floyd,15,data_p20_e20_n10000_linear_struct,0.9444444444444444,0.13,finished,-,achille,,2023-10-04T16:27:42.000Z,676,,False,256,10,1,15,8000,0.01,256,0.0002,0,0.002,0.2,2000,100,0.0005,256,0.005,power_iteration,True,0.01,0.005,linear,0.001,2000,100,0.1,0.0005,0.4770964980125427,23.222088992595676,9.504752376188094,0,0.0208994417916983,2.289043754339218,23,19,23,16.377461582422256,0.5652173913043478,0.6842105263157895,0.5652173913043478,0.7222222222222222,0.7222222222222222,0.7222222222222222,11,15,7,11,133.07695388793945,23,0.5652173913043478,0.7222222222222222,15,11,23,0.5652173913043478,0.7222222222222222,15,23,0.5652173913043478,0.7222222222222222,15,11,14,0.7142857142857143,0.5555555555555556,12,8,9,4,0,2000,p20_e20
31,data_p20_e80_n10000_linear_struct_3,10,10,2881,bobo,13,data_p20_e80_n10000_linear_struct,0.948051948051948,0.3225,finished,-,achille,,2023-10-04T16:27:39.000Z,735,,False,256,10,1,15,8000,0.01,256,0.0002,0,0.002,0.2,2000,100,0.0005,256,0.005,power_iteration,True,0.01,0.005,linear,0.001,2000,100,0.1,0.0005,0.2072105095721781,13.948170989751816,7.403701850925462,0,0.0615533241070807,1.1693443842232227,76,74,76,11.183148503303528,0.9210526315789472,0.945945945945946,0.9210526315789472,0.9090909090909092,0.9090909090909092,0.9090909090909092,11,13,9,10,90.0487060546875,76,0.9210526315789472,0.9090909090909092,13,10,76,0.9210526315789472,0.9090909090909092,13,76,0.9210526315789472,0.9090909090909092,13,10,66,0.9545454545454546,0.8181818181818182,17,15,3,4,0,2000,p20_e80
32,data_p10_e40_n10000_nn_struct_3,10,10,3980,statler,11,data_p10_e40_n10000_nn_struct,0.9545454545454546,0.66,finished,-,achille,,2023-10-04T16:31:36.000Z,1486,,False,256,10,1,15,8000,0.01,256,0.0002,0,0.002,0.2,2000,100,0.0005,256,0.005,power_iteration,True,0.01,0.005,linear,0.001,2000,100,0.1,0.0005,0.2454529125243425,9.678957223892212,3.001500750375188,0,0.0243083647219464,0.5074212905019522,35,33,35,8.4105004966259,0.9714285714285714,0.9696969696969696,0.9714285714285714,0.7727272727272727,0.7272727272727273,0.7727272727272727,13,11,12,10,67.75534248352051,35,0.9714285714285714,0.7727272727272727,11,10,35,0.9714285714285714,0.7727272727272727,11,35,0.9714285714285714,0.7727272727272727,11,10,31,0.967741935483871,0.6818181818181818,15,14,3,4,0,2000,p10_e40
33,data_p20_e80_n10000_linear_struct_4,9,9,2441,bobo,11,data_p20_e80_n10000_linear_struct,0.9333333333333332,0.3475,finished,-,achille,,2023-10-04T16:27:39.000Z,657,,False,256,10,1,15,8000,0.01,256,0.0002,0,0.002,0.2,2000,100,0.0005,256,0.005,power_iteration,True,0.01,0.005,linear,0.001,2000,100,0.1,0.0005,0.305261024273932,15.939674854278564,9.504752376188094,0,0.0533111710101366,1.6687606237828732,70,65,72,11.31617259979248,0.9571428571428572,0.953846153846154,0.9583333333333334,0.8933333333333333,0.8266666666666667,0.92,16,9,14,7,92.12243366241456,72,0.9583333333333334,0.92,9,7,70,0.9571428571428572,0.8933333333333333,11,70,0.9571428571428572,0.8933333333333333,11,9,52,0.9615384615384616,0.6666666666666666,27,25,4,4,0,2000,p20_e80
34,data_p20_e20_n10000_nnadd_struct_9,9,9,3980,janice,11,data_p20_e20_n10000_nnadd_struct,1.0,0.1625,finished,-,achille,,2023-10-04T16:30:03.000Z,1299,,False,256,10,1,15,8000,0.01,256,0.0002,0,0.002,0.2,2000,100,0.0005,256,0.005,power_iteration,True,0.01,0.005,linear,0.001,2000,100,0.1,0.0005,0.5620928518474102,18.314424574375156,9.504752376188094,0,0.050839627510868,3.6656588837504382,31,30,31,9.255372911691666,0.7419354838709677,0.7333333333333333,0.7419354838709677,0.8846153846153846,0.8461538461538461,0.8846153846153846,12,11,10,9,75.82502841949463,31,0.7419354838709677,0.8846153846153846,11,9,31,0.7419354838709677,0.8846153846153846,11,31,0.7419354838709677,0.8846153846153846,11,9,30,0.7333333333333333,0.8461538461538461,12,10,9,4,0,2000,p20_e20
35,data_p20_e20_n10000_nn_struct_9,9,9,3801,rizzo,12,data_p20_e20_n10000_nn_struct,0.8260869565217391,0.1025,finished,-,achille,,2023-10-04T16:30:15.000Z,1060,,False,256,10,1,15,8000,0.01,256,0.0002,0,0.002,0.2,2000,100,0.0005,256,0.005,power_iteration,True,0.01,0.005,linear,0.001,2000,100,0.1,0.0005,0.637199129909277,19.709928691387177,9.504752376188094,0,0.0314598218537867,2.958248943090439,23,22,23,10.663800090551376,0.7391304347826086,0.7272727272727273,0.7391304347826086,0.7391304347826086,0.6956521739130435,0.7391304347826086,13,12,10,9,85.27974224090576,23,0.7391304347826086,0.7391304347826086,12,9,23,0.7391304347826086,0.7391304347826086,12,23,0.7391304347826086,0.7391304347826086,12,9,22,0.7272727272727273,0.6956521739130435,13,10,9,4,0,2000,p20_e20
36,data_p10_e40_n10000_nn_struct_7,8,9,2960,waldorf,9,data_p10_e40_n10000_nn_struct,0.9523809523809524,0.66,finished,-,achille,,2023-10-04T16:30:10.000Z,996,,False,256,10,1,15,8000,0.01,256,0.0002,0,0.002,0.2,2000,100,0.0005,256,0.005,power_iteration,True,0.01,0.005,linear,0.001,2000,100,0.1,0.0005,0.3188710156828165,7.782274141907692,3.8019009504752375,0,0.0393927793484181,0.8978309612721205,33,32,35,5.632734403014183,1.0,1.0,1.0,0.7857142857142857,0.7619047619047619,0.8333333333333334,10,7,10,7,45.62680625915527,36,1.0,0.8571428571428571,6,6,34,1.0,0.8095238095238095,8,34,1.0,0.8095238095238095,8,8,34,1.0,0.8095238095238095,8,8,7,4,0,2000,p10_e40
37,data_p10_e40_n10000_nn_struct_2,8,8,2920,statler,9,data_p10_e40_n10000_nn_struct,1.0,0.6,finished,-,achille,,2023-10-04T16:31:36.000Z,1068,,False,256,10,1,15,8000,0.01,256,0.0002,0,0.002,0.2,2000,100,0.0005,256,0.005,power_iteration,True,0.01,0.005,linear,0.001,2000,100,0.1,0.0005,0.2028868962079286,6.973519876599312,2.801400700350175,0,0.0399416699074208,0.7711174841970205,35,35,35,5.594093173742294,0.9428571428571428,0.9428571428571428,0.9428571428571428,0.825,0.825,0.825,9,9,8,8,44.22955846786499,35,0.9428571428571428,0.825,9,8,35,0.9428571428571428,0.825,9,35,0.9428571428571428,0.825,9,8,34,0.9411764705882352,0.8,10,9,2,4,0,2000,p10_e40
38,data_p10_e40_n10000_nnadd_struct_8,8,9,3000,rizzo,9,data_p10_e40_n10000_nnadd_struct,0.9743589743589745,0.65,finished,-,achille,,2023-10-04T16:30:15.000Z,798,,False,256,10,1,15,8000,0.01,256,0.0002,0,0.002,0.2,2000,100,0.0005,256,0.005,power_iteration,True,0.01,0.005,linear,0.001,2000,100,0.1,0.0005,0.4031946854665875,2.7917799912393093,4.00200100050025,0,0.0418196734972298,1.4315074160695076,34,34,37,-0.2951325159519911,0.9411764705882352,0.9411764705882352,0.8918918918918919,0.8205128205128205,0.8205128205128205,0.8461538461538461,9,10,9,9,-3.2546096742153168,38,0.9210526315789472,0.8974358974358975,7,6,35,0.9428571428571428,0.8461538461538461,8,35,0.9428571428571428,0.8461538461538461,8,8,34,0.9411764705882352,0.8205128205128205,9,9,8,4,0,2000,p10_e40
39,data_p10_e40_n10000_nn_struct_9,8,8,3560,waldorf,9,data_p10_e40_n10000_nn_struct,1.0,0.71,finished,-,achille,,2023-10-04T16:30:10.000Z,1202,,False,256,10,1,15,8000,0.01,256,0.0002,0,0.002,0.2,2000,100,0.0005,256,0.005,power_iteration,True,0.01,0.005,linear,0.001,2000,100,0.1,0.0005,0.3460267586633563,7.097663402557373,2.801400700350175,0,0.0381281533045694,0.8598804920911789,36,35,36,5.2302950620651245,0.9722222222222222,0.9714285714285714,0.9722222222222222,0.813953488372093,0.7906976744186046,0.813953488372093,10,9,9,8,42.11402797698975,36,0.9722222222222222,0.813953488372093,9,8,36,0.9722222222222222,0.813953488372093,9,36,0.9722222222222222,0.813953488372093,9,8,34,0.9705882352941176,0.7674418604651163,11,10,9,4,0,2000,p10_e40
40,data_p20_e20_n10000_nnadd_struct_7,7,7,2981,janice,10,data_p20_e20_n10000_nnadd_struct,1.0,0.125,finished,-,achille,,2023-10-04T16:30:03.000Z,1011,,False,256,10,1,15,8000,0.01,256,0.0002,0,0.002,0.2,2000,100,0.0005,256,0.005,power_iteration,True,0.01,0.005,linear,0.001,2000,100,0.1,0.0005,0.5614833254367113,14.825555473566055,9.504752376188094,0,0.0326699784491211,3.289393037557602,23,22,23,6.166732624173164,0.6956521739130435,0.7272727272727273,0.6956521739130435,0.8421052631578947,0.8421052631578947,0.8421052631578947,9,10,6,7,49.48248338699341,23,0.6956521739130435,0.8421052631578947,10,7,23,0.6956521739130435,0.8421052631578947,10,23,0.6956521739130435,0.8421052631578947,10,7,22,0.7272727272727273,0.8421052631578947,9,6,7,4,0,2000,p20_e20
41,data_p10_e40_n10000_nnadd_struct_2,7,6,3340,rowlf,6,data_p10_e40_n10000_nnadd_struct,1.0,0.63,finished,-,achille,,2023-10-04T16:30:03.000Z,896,,False,256,10,1,15,8000,0.01,256,0.0002,0,0.002,0.2,2000,100,0.0005,256,0.005,power_iteration,True,0.01,0.005,linear,0.001,2000,100,0.1,0.0005,0.3150083012878895,5.743215903639793,5.702851425712856,0,0.037910591228865,1.3227229230105877,35,32,36,2.5861368849873543,0.9714285714285714,0.96875,0.9722222222222222,0.8717948717948718,0.7948717948717948,0.8974358974358975,9,5,9,5,20.94064855575561,37,0.972972972972973,0.9230769230769232,4,4,34,0.9705882352941176,0.8461538461538461,7,34,0.9705882352941176,0.8461538461538461,7,7,31,0.967741935483871,0.7692307692307693,10,10,2,4,0,2000,p10_e40
42,data_p20_e20_n10000_nnadd_struct_2,7,6,3061,floyd,9,data_p20_e20_n10000_nnadd_struct,1.0,0.1,finished,-,achille,,2023-10-04T16:27:42.000Z,816,,False,256,10,1,15,8000,0.01,256,0.0002,0,0.002,0.2,2000,100,0.0005,256,0.005,power_iteration,True,0.01,0.005,linear,0.001,2000,100,0.1,0.0005,0.5155683401972055,16.80341374874115,9.504752376188094,0,0.0347409377573058,3.097227454185486,22,21,22,8.771095782518387,0.7272727272727273,0.7142857142857143,0.7272727272727273,0.8421052631578947,0.7894736842105263,0.8421052631578947,10,9,7,6,70.5721263885498,21,0.7142857142857143,0.7894736842105263,10,7,21,0.7142857142857143,0.7894736842105263,10,21,0.7142857142857143,0.7894736842105263,10,7,21,0.7142857142857143,0.7894736842105263,10,7,2,4,0,2000,p20_e20
43,data_p10_e40_n10000_linear_struct_5,6,7,1401,floyd,8,data_p10_e40_n10000_linear_struct,0.918918918918919,0.59,finished,-,achille,,2023-10-04T16:27:42.000Z,356,,False,256,10,1,15,8000,0.01,256,0.0002,0,0.002,0.2,2000,100,0.0005,256,0.005,power_iteration,True,0.01,0.005,linear,0.001,2000,100,0.1,0.0005,0.2402951349504292,7.167468786239624,3.1015507753876936,0,0.0267205546842888,0.5465001948177814,33,32,33,5.848960429430008,0.9393939393939394,0.96875,0.9393939393939394,0.8378378378378378,0.8378378378378378,0.8378378378378378,7,8,6,7,47.4641809463501,34,0.9411764705882352,0.8648648648648649,7,6,32,0.96875,0.8378378378378378,7,32,0.96875,0.8378378378378378,7,6,26,1.0,0.7027027027027027,11,11,5,4,0,2000,p10_e40
44,data_p10_e40_n10000_nn_struct_10,6,6,3300,waldorf,6,data_p10_e40_n10000_nn_struct,1.0,0.66,finished,-,achille,,2023-10-04T16:30:10.000Z,1116,,False,256,10,1,15,8000,0.01,256,0.0002,0,0.002,0.2,2000,100,0.0005,256,0.005,power_iteration,True,0.01,0.005,linear,0.001,2000,100,0.1,0.0005,0.3786242166534066,8.360739141702652,3.901950975487744,0,0.0490828930633142,1.0628990903496742,38,37,41,5.771384060382843,1.0,1.0,1.0,0.8636363636363636,0.8409090909090909,0.9318181818181818,7,3,7,3,46.228947162628174,40,1.0,0.9090909090909092,4,4,38,1.0,0.8636363636363636,6,38,1.0,0.8636363636363636,6,6,37,1.0,0.8409090909090909,7,7,10,4,0,2000,p10_e40
45,data_p10_e40_n10000_nnadd_struct_7,6,6,3201,rizzo,6,data_p10_e40_n10000_nnadd_struct,1.0,0.71,finished,-,achille,,2023-10-04T16:30:15.000Z,872,,False,256,10,1,15,8000,0.01,256,0.0002,0,0.002,0.2,2000,100,0.0005,256,0.005,power_iteration,True,0.01,0.005,linear,0.001,2000,100,0.1,0.0005,0.4928074618801474,8.757465124130249,9.504752376188094,0,0.0404612900456413,2.4086147472262383,39,39,40,1.6243763640522957,0.9487179487179488,0.9487179487179488,0.925,0.902439024390244,0.902439024390244,0.902439024390244,6,7,6,6,14.317100048065186,40,0.925,0.902439024390244,7,6,39,0.9487179487179488,0.902439024390244,6,39,0.9487179487179488,0.902439024390244,6,6,37,1.0,0.902439024390244,4,4,7,4,0,2000,p10_e40
46,data_p10_e40_n10000_nnadd_struct_6,6,6,2920,rowlf,7,data_p10_e40_n10000_nnadd_struct,1.0,0.72,finished,-,achille,,2023-10-04T16:30:03.000Z,784,,False,256,10,1,15,8000,0.01,256,0.0002,0,0.002,0.2,2000,100,0.0005,256,0.005,power_iteration,True,0.01,0.005,linear,0.001,2000,100,0.1,0.0005,0.4462186126038432,5.067107707262039,3.601800900450225,0,0.0437307817628607,1.3376709632575512,39,38,40,2.078515328466892,0.8974358974358975,0.9210526315789472,0.9,0.9210526315789472,0.9210526315789472,0.9473684210526316,6,6,6,5,15.709482550621033,40,0.875,0.9210526315789472,8,6,40,0.875,0.9210526315789472,8,40,0.875,0.9210526315789472,8,6,38,0.8947368421052632,0.8947368421052632,8,7,6,4,0,2000,p10_e40
47,data_p10_e40_n10000_nnadd_struct_5,5,5,3120,rowlf,6,data_p10_e40_n10000_nnadd_struct,1.0,0.61,finished,-,achille,,2023-10-04T16:30:03.000Z,832,,False,256,10,1,15,8000,0.01,256,0.0002,0,0.002,0.2,2000,100,0.0005,256,0.005,power_iteration,True,0.01,0.005,linear,0.001,2000,100,0.1,0.0005,0.3916593827307224,6.28126186132431,4.602301150575287,0,0.0459117382997646,1.5164739713072777,37,36,37,2.9163417667150497,0.8918918918918919,0.9166666666666666,0.8918918918918919,0.9428571428571428,0.9428571428571428,0.9428571428571428,5,6,5,5,24.218923568725582,37,0.8918918918918919,0.9428571428571428,6,5,36,0.9166666666666666,0.9428571428571428,5,36,0.9166666666666666,0.9428571428571428,5,5,35,0.9142857142857144,0.9142857142857144,6,6,5,4,0,2000,p10_e40
48,data_p10_e40_n10000_linear_struct_4,5,5,1541,bobo,6,data_p10_e40_n10000_linear_struct,0.925,0.56,finished,-,achille,,2023-10-04T16:27:39.000Z,383,,False,256,10,1,15,8000,0.01,256,0.0002,0,0.002,0.2,2000,100,0.0005,256,0.005,power_iteration,True,0.01,0.005,linear,0.001,2000,100,0.1,0.0005,0.2618027464486658,7.027364268898964,2.901450725362681,0,0.0282094222493469,0.664933655411005,36,35,36,5.574613481760025,0.9722222222222222,0.9714285714285714,0.9722222222222222,0.875,0.85,0.875,7,6,6,5,44.56822347640991,37,0.945945945945946,0.875,7,6,36,0.9722222222222222,0.875,6,36,0.9722222222222222,0.875,6,5,32,1.0,0.8,8,8,4,4,0,2000,p10_e40
49,data_p10_e40_n10000_nn_struct_6,5,5,3000,statler,5,data_p10_e40_n10000_nn_struct,0.9487179487179488,0.62,finished,-,achille,,2023-10-04T16:31:37.000Z,1099,,False,256,10,1,15,8000,0.01,256,0.0002,0,0.002,0.2,2000,100,0.0005,256,0.005,power_iteration,True,0.01,0.005,linear,0.001,2000,100,0.1,0.0005,0.3105235137045383,6.821066364645958,3.001500750375188,0,0.0365268304012715,0.7096349373459816,34,33,35,5.142867997288704,1.0,1.0,1.0,0.8717948717948718,0.8461538461538461,0.8974358974358975,6,4,6,4,41.56344032287598,35,1.0,0.8974358974358975,4,4,34,1.0,0.8717948717948718,5,34,1.0,0.8717948717948718,5,5,32,1.0,0.8205128205128205,7,7,6,4,0,2000,p10_e40
50,data_p10_e40_n10000_linear_struct_2,5,5,1961,bobo,6,data_p10_e40_n10000_linear_struct,0.925,0.69,finished,-,achille,,2023-10-04T16:27:39.000Z,477,,False,256,10,1,15,8000,0.01,256,0.0002,0,0.002,0.2,2000,100,0.0005,256,0.005,power_iteration,True,0.01,0.005,linear,0.001,2000,100,0.1,0.0005,0.284095486626029,7.325352430343628,2.901450725362681,0,0.0295226976741105,0.6114001031965017,38,38,39,5.860140562057495,0.9473684210526316,0.9473684210526316,0.9230769230769232,0.9,0.9,0.9,6,7,5,6,46.75364255905152,38,0.9473684210526316,0.9,6,5,38,0.9473684210526316,0.9,6,38,0.9473684210526316,0.9,6,5,31,0.967741935483871,0.75,11,11,2,4,0,2000,p10_e40
51,data_p20_e20_n10000_nn_struct_3,5,8,3961,rizzo,10,data_p20_e20_n10000_nn_struct,1.0,0.135,finished,-,achille,,2023-10-04T16:30:15.000Z,1104,,False,256,10,1,15,8000,0.01,256,0.0002,0,0.002,0.2,2000,100,0.0005,256,0.005,power_iteration,True,0.01,0.005,linear,0.001,2000,100,0.1,0.0005,0.4732589945197105,23.002112448215485,9.504752376188094,0,0.0306468348717317,2.738493584096432,24,22,26,15.734762698411942,0.7083333333333334,0.7727272727272727,0.6923076923076923,0.85,0.85,0.9,8,10,6,8,131.63470840454102,23,0.782608695652174,0.9,7,5,21,0.8095238095238095,0.85,7,21,0.8095238095238095,0.85,7,5,20,0.85,0.85,6,4,3,4,0,2000,p20_e20
52,data_p20_e20_n10000_nnadd_struct_3,5,6,2941,floyd,6,data_p20_e20_n10000_nnadd_struct,0.9629629629629628,0.1525,finished,-,achille,,2023-10-04T16:27:42.000Z,793,,False,256,10,1,15,8000,0.01,256,0.0002,0,0.002,0.2,2000,100,0.0005,256,0.005,power_iteration,True,0.01,0.005,linear,0.001,2000,100,0.1,0.0005,0.492431596852839,16.16203397512436,9.504752376188094,0,0.0407829732866957,3.2220787703990936,29,27,30,8.218732133507729,0.8620689655172413,0.925925925925926,0.8333333333333334,0.925925925925926,0.925925925925926,0.925925925925926,4,7,4,7,67.66206169128418,29,0.8620689655172413,0.925925925925926,6,6,28,0.8928571428571429,0.925925925925926,5,28,0.8928571428571429,0.925925925925926,5,5,27,0.925925925925926,0.925925925925926,4,4,3,4,0,2000,p20_e20
53,data_p20_e80_n10000_nnadd_struct_10,5,4,3821,rowlf,4,data_p20_e80_n10000_nnadd_struct,1.0,0.325,finished,-,achille,,2023-10-04T16:30:03.000Z,1087,,False,256,10,1,15,8000,0.01,256,0.0002,0,0.002,0.2,2000,100,0.0005,256,0.005,power_iteration,True,0.01,0.005,linear,0.001,2000,100,0.1,0.0005,0.3829369572922587,10.746768653392792,7.103551775887944,0,0.1008288273587822,3.3229623585939407,75,73,76,4.6027649119496346,0.9866666666666668,0.9863013698630136,0.986842105263158,0.961038961038961,0.935064935064935,0.974025974025974,6,3,6,3,35.333590507507324,76,0.986842105263158,0.974025974025974,3,3,74,0.9864864864864864,0.948051948051948,5,74,0.9864864864864864,0.948051948051948,5,5,72,0.9861111111111112,0.922077922077922,7,7,10,4,0,2000,p20_e80
54,data_p10_e40_n10000_nnadd_struct_3,5,5,3980,rowlf,5,data_p10_e40_n10000_nnadd_struct,0.972972972972973,0.62,finished,-,achille,,2023-10-04T16:30:03.000Z,1045,,False,256,10,1,15,8000,0.01,256,0.0002,0,0.002,0.2,2000,100,0.0005,256,0.005,power_iteration,True,0.01,0.005,linear,0.001,2000,100,0.1,0.0005,0.395113649778068,3.8203045129776,3.5017508754377187,0,0.0424045189283788,1.3411328233778477,36,35,36,1.053177611902356,0.9444444444444444,0.9714285714285714,0.9444444444444444,0.918918918918919,0.918918918918919,0.918918918918919,4,5,4,5,9.478265166282654,36,0.9444444444444444,0.918918918918919,5,5,36,0.9444444444444444,0.918918918918919,5,36,0.9444444444444444,0.918918918918919,5,5,33,0.9696969696969696,0.8648648648648649,6,6,3,4,0,2000,p10_e40
55,data_p20_e20_n10000_nn_struct_6,4,5,3980,rizzo,6,data_p20_e20_n10000_nn_struct,1.0,0.1225,finished,-,achille,,2023-10-04T16:30:15.000Z,1127,,False,256,10,1,15,8000,0.01,256,0.0002,0,0.002,0.2,2000,100,0.0005,256,0.005,power_iteration,True,0.01,0.005,linear,0.001,2000,100,0.1,0.0005,0.4372935388237238,17.551576375961304,9.504752376188094,0,0.0375331083778291,2.4156427830457687,24,23,24,10.942033916711807,0.875,0.9130434782608696,0.875,0.875,0.875,0.875,5,6,4,5,87.73652172088623,24,0.9166666666666666,0.9166666666666666,4,4,24,0.9166666666666666,0.9166666666666666,4,24,0.9166666666666666,0.9166666666666666,4,4,23,0.9565217391304348,0.9166666666666666,3,3,6,4,0,2000,p20_e20
56,data_p10_e40_n10000_linear_struct_1,4,4,2581,bobo,4,data_p10_e40_n10000_linear_struct,0.9,0.52,finished,-,achille,,2023-10-04T16:27:39.000Z,617,,False,256,10,1,15,8000,0.01,256,0.0002,0,0.002,0.2,2000,100,0.0005,256,0.005,power_iteration,True,0.01,0.005,linear,0.001,2000,100,0.1,0.0005,0.2473754719831049,7.466875419020653,3.001500750375188,0,0.0345308368559926,0.5657078269869089,36,35,36,6.124139070510864,1.0,1.0,1.0,0.9,0.875,0.9,5,4,5,4,48.54602098464966,36,1.0,0.9,4,4,36,1.0,0.9,4,36,1.0,0.9,4,4,33,1.0,0.825,7,7,1,4,0,2000,p10_e40
57,data_p10_e40_n10000_linear_struct_9,4,4,2301,floyd,5,data_p10_e40_n10000_linear_struct,0.9230769230769232,0.62,finished,-,achille,,2023-10-04T16:27:42.000Z,552,,False,256,10,1,15,8000,0.01,256,0.0002,0,0.002,0.2,2000,100,0.0005,256,0.005,power_iteration,True,0.01,0.005,linear,0.001,2000,100,0.1,0.0005,0.3299546493217349,7.972563773393631,3.701850925462731,0,0.0299471811740659,0.7142601441591978,36,35,36,6.006913512945175,0.9722222222222222,0.9714285714285714,0.9722222222222222,0.8974358974358975,0.8717948717948718,0.8974358974358975,6,5,5,4,48.09738826751709,36,0.9722222222222222,0.8974358974358975,5,4,36,0.9722222222222222,0.8974358974358975,5,36,0.9722222222222222,0.8974358974358975,5,4,33,0.9696969696969696,0.8205128205128205,8,7,9,4,0,2000,p10_e40
58,data_p20_e20_n10000_nnadd_struct_6,4,4,3980,janice,6,data_p20_e20_n10000_nnadd_struct,0.9411764705882352,0.1,finished,-,achille,,2023-10-04T16:30:03.000Z,1301,,False,256,10,1,15,8000,0.01,256,0.0002,0,0.002,0.2,2000,100,0.0005,256,0.005,power_iteration,True,0.01,0.005,linear,0.001,2000,100,0.1,0.0005,0.5279195439070463,19.64325785636902,9.504752376188094,0,0.0251967824297025,2.7945441827178,19,19,20,11.805772542953491,0.7894736842105263,0.7894736842105263,0.75,0.8823529411764706,0.8823529411764706,0.8823529411764706,6,7,4,5,95.23632049560548,19,0.7894736842105263,0.8823529411764706,6,4,19,0.7894736842105263,0.8823529411764706,6,19,0.7894736842105263,0.8823529411764706,6,4,18,0.8333333333333334,0.8823529411764706,5,3,6,4,0,2000,p20_e20
59,data_p10_e40_n10000_nnadd_struct_9,4,4,3860,rizzo,4,data_p10_e40_n10000_nnadd_struct,1.0,0.69,finished,-,achille,,2023-10-04T16:30:15.000Z,1016,,False,256,10,1,15,8000,0.01,256,0.0002,0,0.002,0.2,2000,100,0.0005,256,0.005,power_iteration,True,0.01,0.005,linear,0.001,2000,100,0.1,0.0005,0.5183659614995122,3.0164676308631897,2.801400700350175,0,0.0497991451993584,1.466958314180374,41,40,41,0.0475594513118267,0.926829268292683,0.925,0.926829268292683,0.9743589743589745,0.9487179487179488,0.9743589743589745,5,4,5,4,0.9957740604877472,41,0.926829268292683,0.9743589743589745,4,4,41,0.926829268292683,0.9743589743589745,4,41,0.926829268292683,0.9743589743589745,4,4,37,0.918918918918919,0.8717948717948718,8,8,9,4,0,2000,p10_e40
60,data_p10_e40_n10000_nnadd_struct_1,4,3,2441,rowlf,4,data_p10_e40_n10000_nnadd_struct,1.0,0.71,finished,-,achille,,2023-10-04T16:30:03.000Z,677,,False,256,10,1,15,8000,0.01,256,0.0002,0,0.002,0.2,2000,100,0.0005,256,0.005,power_iteration,True,0.01,0.005,linear,0.001,2000,100,0.1,0.0005,0.4488001596182585,3.908981218934059,2.7013506753376686,0,0.0560693799052387,1.5605138950049875,40,39,40,1.0800313334912062,0.95,0.9487179487179488,0.95,0.95,0.925,0.95,5,4,4,3,9.55724948644638,42,0.9285714285714286,0.975,4,3,41,0.926829268292683,0.95,5,41,0.926829268292683,0.95,5,4,37,1.0,0.925,3,3,1,4,0,2000,p10_e40
61,data_p10_e40_n10000_nn_struct_5,4,4,3980,statler,5,data_p10_e40_n10000_nn_struct,0.9767441860465116,0.55,finished,-,achille,,2023-10-04T16:31:36.000Z,1485,,False,256,10,1,15,8000,0.01,256,0.0002,0,0.002,0.2,2000,100,0.0005,256,0.005,power_iteration,True,0.01,0.005,linear,0.001,2000,100,0.1,0.0005,0.2979310844093561,4.662628322839737,2.001000500250125,0,0.0568363796919584,1.0480554066598415,40,40,40,2.961576327681541,0.975,0.975,0.975,0.9069767441860463,0.9069767441860463,0.9069767441860463,5,5,4,4,23.51444697380066,40,0.975,0.9069767441860463,5,4,40,0.975,0.9069767441860463,5,40,0.975,0.9069767441860463,5,4,39,0.9743589743589745,0.8837209302325582,6,5,5,4,0,2000,p10_e40
62,data_p20_e20_n10000_nnadd_struct_8,4,4,3980,janice,6,data_p20_e20_n10000_nnadd_struct,0.9444444444444444,0.145,finished,-,achille,,2023-10-04T16:30:03.000Z,1301,,False,256,10,1,15,8000,0.01,256,0.0002,0,0.002,0.2,2000,100,0.0005,256,0.005,power_iteration,True,0.01,0.005,linear,0.001,2000,100,0.1,0.0005,0.119318954180926,19.11860853433609,5.102551275637818,0,0.0329634571680799,1.3909114338457584,20,20,21,17.08590257167816,0.8,0.8,0.7619047619047619,0.8888888888888888,0.8888888888888888,0.8888888888888888,6,7,4,5,136.2822551727295,20,0.8,0.8888888888888888,6,4,20,0.8,0.8888888888888888,6,20,0.8,0.8888888888888888,6,4,20,0.8,0.8888888888888888,6,4,8,4,0,2000,p20_e20
63,data_p10_e40_n10000_linear_struct_10,3,3,1381,floyd,3,data_p10_e40_n10000_linear_struct,0.945945945945946,0.65,finished,-,achille,,2023-10-04T16:27:42.000Z,352,,False,256,10,1,15,8000,0.01,256,0.0002,0,0.002,0.2,2000,100,0.0005,256,0.005,power_iteration,True,0.01,0.005,linear,0.001,2000,100,0.1,0.0005,0.2826398136094212,7.359540343284607,3.1015507753876936,0,0.0303670363500714,0.6288415882736444,34,34,35,5.823709934949875,1.0,1.0,1.0,0.918918918918919,0.918918918918919,0.945945945945946,3,2,3,2,46.81429624557495,34,1.0,0.918918918918919,3,3,34,1.0,0.918918918918919,3,34,1.0,0.918918918918919,3,3,31,1.0,0.8378378378378378,6,6,10,4,0,2000,p10_e40
64,data_p20_e20_n10000_nn_struct_8,3,3,3621,rizzo,4,data_p20_e20_n10000_nn_struct,1.0,0.1225,finished,-,achille,,2023-10-04T16:30:15.000Z,1027,,False,256,10,1,15,8000,0.01,256,0.0002,0,0.002,0.2,2000,100,0.0005,256,0.005,power_iteration,True,0.01,0.005,linear,0.001,2000,100,0.1,0.0005,0.0714432862587273,15.316314071416857,6.603301650825412,0,0.0382722605718299,1.0899515002965927,22,22,22,13.716328620910645,0.9545454545454546,0.9545454545454546,0.9545454545454546,0.875,0.875,0.875,4,4,3,3,109.7466630935669,22,0.9545454545454546,0.875,4,3,22,0.9545454545454546,0.875,4,22,0.9545454545454546,0.875,4,3,22,0.9545454545454546,0.875,4,3,8,4,0,2000,p20_e20
65,data_p10_e10_n10000_linear_struct_5,3,3,1741,bobo,4,data_p10_e10_n10000_linear_struct,1.0,0.33,finished,-,achille,,2023-10-04T16:27:39.000Z,439,,False,256,10,1,15,8000,0.01,256,0.0002,0,0.002,0.2,2000,100,0.0005,256,0.005,power_iteration,True,0.01,0.005,linear,0.001,2000,100,0.1,0.0005,0.1139136992860585,10.096038848161696,4.702351175587793,0,0.0153900019067805,0.3624935168772936,12,12,13,9.1824931204319,0.8333333333333334,0.8333333333333334,0.7692307692307693,0.8333333333333334,0.8333333333333334,0.8333333333333334,4,5,3,4,74.08323192596436,13,0.7692307692307693,0.8333333333333334,5,4,12,0.8333333333333334,0.8333333333333334,4,12,0.8333333333333334,0.8333333333333334,4,3,11,0.9090909090909092,0.8333333333333334,3,2,5,4,0,2000,p10_e10
66,data_p10_e40_n10000_linear_struct_8,3,3,1481,floyd,3,data_p10_e40_n10000_linear_struct,0.9230769230769232,0.57,finished,-,achille,,2023-10-04T16:27:42.000Z,373,,False,256,10,1,15,8000,0.01,256,0.0002,0,0.002,0.2,2000,100,0.0005,256,0.005,power_iteration,True,0.01,0.005,linear,0.001,2000,100,0.1,0.0005,0.382779791019857,6.220010131597519,3.2016008004002,0,0.0282659423537552,0.6984571758657694,36,35,36,4.267778918147087,1.0,1.0,1.0,0.9230769230769232,0.8974358974358975,0.9230769230769232,4,3,4,3,34.796926975250244,36,1.0,0.9230769230769232,3,3,36,1.0,0.9230769230769232,3,36,1.0,0.9230769230769232,3,3,33,1.0,0.8461538461538461,6,6,8,4,0,2000,p10_e40
67,data_p20_e20_n10000_nnadd_struct_10,3,4,2481,janice,6,data_p20_e20_n10000_nnadd_struct,1.0,0.0825,finished,-,achille,,2023-10-04T16:30:03.000Z,844,,False,256,10,1,15,8000,0.01,256,0.0002,0,0.002,0.2,2000,100,0.0005,256,0.005,power_iteration,True,0.01,0.005,linear,0.001,2000,100,0.1,0.0005,0.108314121607691,22.290404081344604,6.503251625812906,0,0.0243488407577388,0.8458993881940842,15,15,16,20.71576201915741,0.8,0.8,0.75,0.8,0.8,0.8,6,7,4,5,164.37188911437988,17,0.7647058823529411,0.8666666666666667,6,4,16,0.8125,0.8666666666666667,5,16,0.8125,0.8666666666666667,5,3,16,0.8125,0.8666666666666667,5,3,10,4,0,2000,p20_e20
68,data_p20_e20_n10000_nn_struct_4,2,2,3880,rizzo,3,data_p20_e20_n10000_nn_struct,0.9545454545454546,0.1225,finished,-,achille,,2023-10-04T16:30:15.000Z,1083,,False,256,10,1,15,8000,0.01,256,0.0002,0,0.002,0.2,2000,100,0.0005,256,0.005,power_iteration,True,0.01,0.005,linear,0.001,2000,100,0.1,0.0005,0.0649354726774618,19.01822018623352,4.302151075537768,0,0.038119149627164,1.0201852433383465,21,21,21,17.680553674697876,0.9523809523809524,0.9523809523809524,0.9523809523809524,0.9090909090909092,0.9090909090909092,0.9090909090909092,3,3,2,2,141.28633499145508,21,0.9523809523809524,0.9090909090909092,3,2,21,0.9523809523809524,0.9090909090909092,3,21,0.9523809523809524,0.9090909090909092,3,2,21,0.9523809523809524,0.9090909090909092,3,2,4,4,0,2000,p20_e20
69,data_p10_e10_n10000_linear_struct_8,2,2,1441,bobo,4,data_p10_e10_n10000_linear_struct,1.0,0.24,finished,-,achille,,2023-10-04T16:27:39.000Z,371,,False,256,10,1,15,8000,0.01,256,0.0002,0,0.002,0.2,2000,100,0.0005,256,0.005,power_iteration,True,0.01,0.005,linear,0.001,2000,100,0.1,0.0005,0.0677347272867336,9.955765217542648,4.402201100550275,0,0.0125429813924711,0.4365851301699877,10,9,10,9.208455204963684,0.8,0.8888888888888888,0.8,0.8,0.8,0.8,3,4,2,2,74.12357807159424,10,0.8,0.8,4,2,10,0.8,0.8,4,10,0.8,0.8,4,2,8,1.0,0.8,2,2,8,4,0,2000,p10_e10
70,data_p20_e20_n10000_nnadd_struct_1,2,2,2801,floyd,3,data_p20_e20_n10000_nnadd_struct,1.0,0.135,finished,-,achille,,2023-10-04T16:27:42.000Z,752,,False,256,10,1,15,8000,0.01,256,0.0002,0,0.002,0.2,2000,100,0.0005,256,0.005,power_iteration,True,0.01,0.005,linear,0.001,2000,100,0.1,0.0005,0.1739215715788304,13.024419367313383,7.903951975987994,0,0.0357448527356609,1.7470042780041697,23,23,23,9.867002367973328,0.9130434782608696,0.9130434782608696,0.9130434782608696,0.9545454545454546,0.9545454545454546,0.9545454545454546,3,3,2,2,78.3066635131836,23,0.9130434782608696,0.9545454545454546,3,2,23,0.9130434782608696,0.9545454545454546,3,23,0.9130434782608696,0.9545454545454546,3,2,22,0.9545454545454546,0.9545454545454546,2,1,1,4,0,2000,p20_e20
71,data_p10_e10_n10000_nnadd_struct_6,2,2,3501,janice,3,data_p10_e10_n10000_nnadd_struct,1.0,0.2,finished,-,achille,,2023-10-04T16:30:03.000Z,1077,,False,256,10,1,15,8000,0.01,256,0.0002,0,0.002,0.2,2000,100,0.0005,256,0.005,power_iteration,True,0.01,0.005,linear,0.001,2000,100,0.1,0.0005,0.1146845645271241,7.472554713487625,2.901450725362681,0,0.0151401851617265,0.6104769073426723,9,9,9,6.514186009764671,0.7777777777777778,0.7777777777777778,0.7777777777777778,0.875,0.875,0.875,3,3,2,2,51.44428682327271,9,0.7777777777777778,0.875,3,2,9,0.7777777777777778,0.875,3,9,0.7777777777777778,0.875,3,2,9,0.7777777777777778,0.875,3,2,6,4,0,2000,p10_e10
72,data_p10_e10_n10000_linear_struct_6,2,2,1601,bobo,3,data_p10_e10_n10000_linear_struct,1.0,0.3,finished,-,achille,,2023-10-04T16:27:38.000Z,410,,False,256,10,1,15,8000,0.01,256,0.0002,0,0.002,0.2,2000,100,0.0005,256,0.005,power_iteration,True,0.01,0.005,linear,0.001,2000,100,0.1,0.0005,0.0729040694423019,8.809874385595322,5.002501250625312,0,0.016025471384637,0.3461042121052742,12,12,12,8.08304201066494,0.9166666666666666,0.9166666666666666,0.9166666666666666,0.8461538461538461,0.8461538461538461,0.8461538461538461,3,3,2,2,64.50430345535278,12,0.9166666666666666,0.8461538461538461,3,2,12,0.9166666666666666,0.8461538461538461,3,12,0.9166666666666666,0.8461538461538461,3,2,11,1.0,0.8461538461538461,2,2,6,4,0,2000,p10_e10
73,data_p20_e20_n10000_nn_struct_10,2,2,3141,rizzo,3,data_p20_e20_n10000_nn_struct,0.9444444444444444,0.0925,finished,-,achille,,2023-10-04T16:30:15.000Z,916,,False,256,10,1,15,8000,0.01,256,0.0002,0,0.002,0.2,2000,100,0.0005,256,0.005,power_iteration,True,0.01,0.005,linear,0.001,2000,100,0.1,0.0005,0.0807261588051915,20.553987324237823,9.504752376188094,0,0.0251364273717626,2.1068392619490623,17,16,17,17.654729306697845,0.9411764705882352,0.9375,0.9411764705882352,0.8888888888888888,0.8333333333333334,0.8888888888888888,4,3,3,2,140.37752151489258,17,0.9411764705882352,0.8888888888888888,3,2,17,0.9411764705882352,0.8888888888888888,3,17,0.9411764705882352,0.8888888888888888,3,2,16,0.9375,0.8333333333333334,4,3,10,4,0,2000,p20_e20
74,data_p20_e80_n10000_linear_struct_9,2,3,2241,bobo,3,data_p20_e80_n10000_linear_struct,0.974025974025974,0.3225,finished,-,achille,,2023-10-04T16:27:38.000Z,603,,False,256,10,1,15,8000,0.01,256,0.0002,0,0.002,0.2,2000,100,0.0005,256,0.005,power_iteration,True,0.01,0.005,linear,0.001,2000,100,0.1,0.0005,0.2719223564490676,13.62121969461441,7.003501750875437,0,0.059950646595098,1.319003865122795,74,72,75,10.337856620550156,1.0,1.0,0.9866666666666668,0.961038961038961,0.935064935064935,0.961038961038961,5,4,5,3,84.53309440612793,75,1.0,0.974025974025974,2,2,75,1.0,0.974025974025974,2,75,1.0,0.974025974025974,2,2,70,1.0,0.9090909090909092,7,7,9,4,0,2000,p20_e80
75,data_p20_e20_n10000_linear_struct_10,2,2,2201,floyd,2,data_p20_e20_n10000_linear_struct,1.0,0.18,finished,-,achille,,2023-10-04T16:27:42.000Z,608,,False,256,10,1,15,8000,0.01,256,0.0002,0,0.002,0.2,2000,100,0.0005,256,0.005,power_iteration,True,0.01,0.005,linear,0.001,2000,100,0.1,0.0005,0.0808318231720477,18.032535195350647,7.603801900950475,0,0.0341586642898619,0.7127839457243681,25,25,25,16.67096334695816,1.0,1.0,1.0,0.925925925925926,0.925925925925926,0.925925925925926,2,2,2,2,133.45566749572754,25,1.0,0.925925925925926,2,2,25,1.0,0.925925925925926,2,25,1.0,0.925925925925926,2,2,24,1.0,0.8888888888888888,3,3,10,4,0,2000,p20_e20
76,data_p20_e20_n10000_nn_struct_7,2,2,3980,rizzo,2,data_p20_e20_n10000_nn_struct,0.9166666666666666,0.11,finished,-,achille,,2023-10-04T16:30:15.000Z,1417,,False,256,10,1,15,8000,0.01,256,0.0002,0,0.002,0.2,2000,100,0.0005,256,0.005,power_iteration,True,0.01,0.005,linear,0.001,2000,100,0.1,0.0005,0.1272581433877349,17.16770625114441,4.00200100050025,0,0.0388266287045553,1.0636996254324913,22,22,22,15.555892556905746,1.0,1.0,1.0,0.9166666666666666,0.9166666666666666,0.9166666666666666,2,2,2,2,126.16532802581789,22,1.0,0.9166666666666666,2,2,22,1.0,0.9166666666666666,2,22,1.0,0.9166666666666666,2,2,22,1.0,0.9166666666666666,2,2,7,4,0,2000,p20_e20
77,data_p10_e40_n10000_nn_struct_8,2,2,3100,waldorf,2,data_p10_e40_n10000_nn_struct,1.0,0.66,finished,-,achille,,2023-10-04T16:30:10.000Z,1042,,False,256,10,1,15,8000,0.01,256,0.0002,0,0.002,0.2,2000,100,0.0005,256,0.005,power_iteration,True,0.01,0.005,linear,0.001,2000,100,0.1,0.0005,0.3900839062407613,4.620345771312714,2.001000500250125,0,0.0632566194981336,1.1481218822300434,40,40,40,2.6284092143177986,1.0,1.0,1.0,0.9523809523809524,0.9523809523809524,0.9523809523809524,2,2,2,2,21.1314754486084,40,1.0,0.9523809523809524,2,2,40,1.0,0.9523809523809524,2,40,1.0,0.9523809523809524,2,2,40,1.0,0.9523809523809524,2,2,8,4,0,2000,p10_e40
78,data_p10_e40_n10000_nnadd_struct_10,2,2,2181,rizzo,2,data_p10_e40_n10000_nnadd_struct,0.9767441860465116,0.64,finished,-,achille,,2023-10-04T16:30:15.000Z,594,,False,256,10,1,15,8000,0.01,256,0.0002,0,0.002,0.2,2000,100,0.0005,256,0.005,power_iteration,True,0.01,0.005,linear,0.001,2000,100,0.1,0.0005,0.4553127512335778,3.195345066487789,3.301650825412706,0,0.0446015420602634,1.3945704363286495,41,40,41,0.2528893663547933,1.0,1.0,1.0,0.9534883720930232,0.9302325581395348,0.9534883720930232,3,2,3,2,2.129074551165104,42,0.9761904761904762,0.9534883720930232,3,2,42,0.9761904761904762,0.9534883720930232,3,42,0.9761904761904762,0.9534883720930232,3,2,39,1.0,0.9069767441860463,4,4,10,4,0,2000,p10_e40
79,data_p10_e10_n10000_nn_struct_7,2,2,2661,statler,2,data_p10_e10_n10000_nn_struct,1.0,0.28,finished,-,achille,,2023-10-04T16:31:36.000Z,1010,,False,256,10,1,15,8000,0.01,256,0.0002,0,0.002,0.2,2000,100,0.0005,256,0.005,power_iteration,True,0.01,0.005,linear,0.001,2000,100,0.1,0.0005,0.1109060999006033,8.64981859922409,2.7013506753376686,0,0.0217823282000608,0.5721479635685682,14,14,14,7.756292030215263,0.9285714285714286,0.9285714285714286,0.9285714285714286,0.9285714285714286,0.9285714285714286,0.9285714285714286,2,2,2,2,61.92803192138672,14,0.9285714285714286,0.9285714285714286,2,2,14,0.9285714285714286,0.9285714285714286,2,14,0.9285714285714286,0.9285714285714286,2,2,13,1.0,0.9285714285714286,1,1,7,4,0,2000,p10_e10
80,data_p20_e20_n10000_nn_struct_5,1,1,3980,rizzo,1,data_p20_e20_n10000_nn_struct,1.0,0.12,finished,-,achille,,2023-10-04T16:30:15.000Z,1122,,False,256,10,1,15,8000,0.01,256,0.0002,0,0.002,0.2,2000,100,0.0005,256,0.005,power_iteration,True,0.01,0.005,linear,0.001,2000,100,0.1,0.0005,0.1469577383249998,17.33403581380844,6.603301650825412,0,0.0445544031681492,1.4826844073832035,20,20,20,14.836390644311903,0.95,0.95,0.95,1.0,1.0,1.0,1,1,1,1,119.15188217163086,20,0.95,1.0,1,1,20,0.95,1.0,1,20,0.95,1.0,1,1,20,0.95,1.0,1,1,5,4,0,2000,p20_e20
81,data_p20_e20_n10000_nn_struct_2,1,1,3980,rizzo,1,data_p20_e20_n10000_nn_struct,1.0,0.125,finished,-,achille,,2023-10-04T16:30:15.000Z,1124,,False,256,10,1,15,8000,0.01,256,0.0002,0,0.002,0.2,2000,100,0.0005,256,0.005,power_iteration,True,0.01,0.005,linear,0.001,2000,100,0.1,0.0005,0.0903630896937102,15.722488909959791,5.002501250625312,0,0.0401385630248114,1.0537382774055004,23,23,23,14.176570624113085,1.0,1.0,1.0,0.9583333333333334,0.9583333333333334,0.9583333333333334,1,1,1,1,114.73383235931396,23,1.0,0.9583333333333334,1,1,23,1.0,0.9583333333333334,1,23,1.0,0.9583333333333334,1,1,23,1.0,0.9583333333333334,1,1,2,4,0,2000,p20_e20
82,data_p10_e10_n10000_nn_struct_6,1,1,3261,rizzo,1,data_p10_e10_n10000_nn_struct,1.0,0.28,finished,-,achille,,2023-10-04T16:30:15.000Z,862,,False,256,10,1,15,8000,0.01,256,0.0002,0,0.002,0.2,2000,100,0.0005,256,0.005,power_iteration,True,0.01,0.005,linear,0.001,2000,100,0.1,0.0005,0.0742422617040574,10.878301471471786,1.5007503751875937,0,0.0140439569950103,0.2841656813398003,9,9,9,10.468672752380373,1.0,1.0,1.0,0.9,0.9,0.9,1,1,1,1,83.3078145980835,9,1.0,0.9,1,1,9,1.0,0.9,1,9,1.0,0.9,1,1,9,1.0,0.9,1,1,6,4,0,2000,p10_e10
83,data_p10_e10_n10000_nn_struct_1,1,1,3100,rizzo,1,data_p10_e10_n10000_nn_struct,1.0,0.24,finished,-,achille,,2023-10-04T16:30:15.000Z,834,,False,256,10,1,15,8000,0.01,256,0.0002,0,0.002,0.2,2000,100,0.0005,256,0.005,power_iteration,True,0.01,0.005,linear,0.001,2000,100,0.1,0.0005,0.1110873229335993,9.107968270778656,2.801400700350175,0,0.0141480063321068,0.3355618333443999,10,10,10,8.447058200836182,1.0,1.0,1.0,0.9090909090909092,0.9090909090909092,0.9090909090909092,1,1,1,1,68.74803066253662,10,1.0,0.9090909090909092,1,1,10,1.0,0.9090909090909092,1,10,1.0,0.9090909090909092,1,1,10,1.0,0.9090909090909092,1,1,1,4,0,2000,p10_e10
84,data_p10_e10_n10000_nnadd_struct_10,1,1,3681,janice,2,data_p10_e10_n10000_nnadd_struct,1.0,0.22,finished,-,achille,,2023-10-04T16:30:03.000Z,1099,,False,256,10,1,15,8000,0.01,256,0.0002,0,0.002,0.2,2000,100,0.0005,256,0.005,power_iteration,True,0.01,0.005,linear,0.001,2000,100,0.1,0.0005,0.0463162878295406,8.51195302605629,4.8024012006003,0,0.0151686801982577,0.6173905823379755,9,8,9,7.656964376568794,0.8888888888888888,1.0,0.8888888888888888,0.8888888888888888,0.8888888888888888,0.8888888888888888,1,2,1,1,61.220314502716064,9,0.8888888888888888,0.8888888888888888,2,1,9,0.8888888888888888,0.8888888888888888,2,9,0.8888888888888888,0.8888888888888888,2,1,8,1.0,0.8888888888888888,1,1,10,4,0,2000,p10_e10
85,data_p10_e10_n10000_nnadd_struct_1,1,1,3980,janice,1,data_p10_e10_n10000_nnadd_struct,1.0,0.26,finished,-,achille,,2023-10-04T16:30:03.000Z,1231,,False,256,10,1,15,8000,0.01,256,0.0002,0,0.002,0.2,2000,100,0.0005,256,0.005,power_iteration,True,0.01,0.005,linear,0.001,2000,100,0.1,0.0005,0.061952895252034,4.765025675296784,5.302651325662831,0,0.0190266293939203,0.8500023651868105,11,11,11,3.567482069134712,0.9090909090909092,0.9090909090909092,0.9090909090909092,1.0,1.0,1.0,1,1,1,1,28.455400466918945,11,0.9090909090909092,1.0,1,1,11,0.9090909090909092,1.0,1,11,0.9090909090909092,1.0,1,1,11,0.9090909090909092,1.0,1,1,1,4,0,2000,p10_e10
86,data_p10_e10_n10000_nn_struct_9,1,1,2201,statler,1,data_p10_e10_n10000_nn_struct,0.8333333333333334,0.1,finished,-,achille,,2023-10-04T16:31:36.000Z,851,,False,256,10,1,15,8000,0.01,256,0.0002,0,0.002,0.2,2000,100,0.0005,256,0.005,power_iteration,True,0.01,0.005,linear,0.001,2000,100,0.1,0.0005,0.1073042005300522,9.524498105049132,3.1015507753876936,0,0.0142670407658442,0.5677033625543118,5,5,5,8.609718292951584,1.0,1.0,1.0,0.8333333333333334,0.8333333333333334,0.8333333333333334,1,1,1,1,68.88914775848389,5,1.0,0.8333333333333334,1,1,5,1.0,0.8333333333333334,1,5,1.0,0.8333333333333334,1,1,5,1.0,0.8333333333333334,1,1,9,4,0,2000,p10_e10
87,data_p10_e10_n10000_nnadd_struct_5,1,1,3360,janice,1,data_p10_e10_n10000_nnadd_struct,0.9230769230769232,0.3,finished,-,achille,,2023-10-04T16:30:03.000Z,1004,,False,256,10,1,15,8000,0.01,256,0.0002,0,0.002,0.2,2000,100,0.0005,256,0.005,power_iteration,True,0.01,0.005,linear,0.001,2000,100,0.1,0.0005,0.1286171663086861,6.38702093064785,5.202601300650325,0,0.0186764683458022,0.9212173763662576,12,12,12,4.777983218431473,1.0,1.0,1.0,0.9230769230769232,0.9230769230769232,0.9230769230769232,1,1,1,1,38.62000894546509,12,1.0,0.9230769230769232,1,1,12,1.0,0.9230769230769232,1,12,1.0,0.9230769230769232,1,1,12,1.0,0.9230769230769232,1,1,5,4,0,2000,p10_e10
88,data_p20_e20_n10000_nn_struct_1,1,1,3401,rizzo,2,data_p20_e20_n10000_nn_struct,0.9473684210526316,0.1075,finished,-,achille,,2023-10-04T16:30:15.000Z,982,,False,256,10,1,15,8000,0.01,256,0.0002,0,0.002,0.2,2000,100,0.0005,256,0.005,power_iteration,True,0.01,0.005,linear,0.001,2000,100,0.1,0.0005,0.0696398656582459,20.526924073696136,4.8024012006003,0,0.0334502792684361,0.917611587792635,19,19,19,19.241424024105072,0.9473684210526316,0.9473684210526316,0.9473684210526316,0.9473684210526316,0.9473684210526316,0.9473684210526316,2,2,1,1,154.50275993347168,19,0.9473684210526316,0.9473684210526316,2,1,19,0.9473684210526316,0.9473684210526316,2,19,0.9473684210526316,0.9473684210526316,2,1,19,0.9473684210526316,0.9473684210526316,2,1,1,4,0,2000,p20_e20
89,data_p10_e10_n10000_nnadd_struct_2,1,1,3061,janice,1,data_p10_e10_n10000_nnadd_struct,1.0,0.3,finished,-,achille,,2023-10-04T16:30:03.000Z,975,,False,256,10,1,15,8000,0.01,256,0.0002,0,0.002,0.2,2000,100,0.0005,256,0.005,power_iteration,True,0.01,0.005,linear,0.001,2000,100,0.1,0.0005,0.0417768153129145,7.814688995480537,5.202601300650325,0,0.0163002172484993,0.4808058468624949,12,12,12,7.100234776735306,1.0,1.0,1.0,0.9230769230769232,0.9230769230769232,0.9230769230769232,1,1,1,1,56.70592975616455,12,1.0,0.9230769230769232,1,1,12,1.0,0.9230769230769232,1,12,1.0,0.9230769230769232,1,1,11,1.0,0.8461538461538461,2,2,2,4,0,2000,p10_e10
90,data_p10_e40_n10000_nnadd_struct_4,1,1,3400,rowlf,1,data_p10_e40_n10000_nnadd_struct,1.0,0.64,finished,-,achille,,2023-10-04T16:30:03.000Z,920,,False,256,10,1,15,8000,0.01,256,0.0002,0,0.002,0.2,2000,100,0.0005,256,0.005,power_iteration,True,0.01,0.005,linear,0.001,2000,100,0.1,0.0005,0.5164251839742064,4.634106084704399,2.001000500250125,0,0.0495468740118667,1.4020069688558578,34,34,34,2.1491851918399334,1.0,1.0,1.0,0.9714285714285714,0.9714285714285714,0.9714285714285714,1,1,1,1,16.906018257141113,34,1.0,0.9714285714285714,1,1,34,1.0,0.9714285714285714,1,34,1.0,0.9714285714285714,1,1,34,1.0,0.9714285714285714,1,1,4,4,0,2000,p10_e40
91,data_p20_e20_n10000_linear_struct_1,1,1,2641,floyd,2,data_p20_e20_n10000_linear_struct,1.0,0.1275,finished,-,achille,,2023-10-04T16:27:42.000Z,682,,False,256,10,1,15,8000,0.01,256,0.0002,0,0.002,0.2,2000,100,0.0005,256,0.005,power_iteration,True,0.01,0.005,linear,0.001,2000,100,0.1,0.0005,0.0961822296958416,21.169959366321564,9.30465232616308,0,0.0247244803467765,1.2628553919494152,20,20,20,18.987436890602112,0.95,0.95,0.95,0.95,0.95,0.95,2,2,1,1,151.00107383728027,20,0.95,0.95,2,1,20,0.95,0.95,2,20,0.95,0.95,2,1,20,0.95,0.95,2,1,1,4,0,2000,p20_e20
92,data_p10_e10_n10000_nn_struct_8,1,1,3680,statler,1,data_p10_e10_n10000_nn_struct,0.875,0.23,finished,-,achille,,2023-10-04T16:31:36.000Z,1374,,False,256,10,1,15,8000,0.01,256,0.0002,0,0.002,0.2,2000,100,0.0005,256,0.005,power_iteration,True,0.01,0.005,linear,0.001,2000,100,0.1,0.0005,0.0532174222171306,8.511327624320984,3.1015507753876936,0,0.0150793463108129,0.3819573735818267,7,7,7,7.94923435151577,1.0,1.0,1.0,0.875,0.875,0.875,1,1,1,1,64.03304719924927,7,1.0,0.875,1,1,7,1.0,0.875,1,7,1.0,0.875,1,1,7,1.0,0.875,1,1,8,4,0,2000,p10_e10
93,data_p10_e10_n10000_nn_struct_2,1,1,3541,rizzo,1,data_p10_e10_n10000_nn_struct,1.0,0.27,finished,-,achille,,2023-10-04T16:30:15.000Z,938,,False,256,10,1,15,8000,0.01,256,0.0002,0,0.002,0.2,2000,100,0.0005,256,0.005,power_iteration,True,0.01,0.005,linear,0.001,2000,100,0.1,0.0005,0.1677203634753823,10.486651629209518,1.200600300150075,0,0.0294509287923574,0.7942861523479223,12,12,12,9.461549490690231,1.0,1.0,1.0,0.9230769230769232,0.9230769230769232,0.9230769230769232,1,1,1,1,75.3018627166748,12,1.0,0.9230769230769232,1,1,12,1.0,0.9230769230769232,1,12,1.0,0.9230769230769232,1,1,12,1.0,0.9230769230769232,1,1,2,4,0,2000,p10_e10
94,data_p20_e20_n10000_linear_struct_6,0,0,2381,floyd,0,data_p20_e20_n10000_linear_struct,1.0,0.145,finished,-,achille,,2023-10-04T16:27:42.000Z,660,,False,256,10,1,15,8000,0.01,256,0.0002,0,0.002,0.2,2000,100,0.0005,256,0.005,power_iteration,True,0.01,0.005,linear,0.001,2000,100,0.1,0.0005,0.0744559925515204,19.32752013206482,8.304152076038019,0,0.0291753688361495,0.6018447168171406,20,20,20,18.078205823898315,1.0,1.0,1.0,1.0,1.0,1.0,0,0,0,0,144.93487167358398,20,1.0,1.0,0,0,20,1.0,1.0,0,20,1.0,1.0,0,0,20,1.0,1.0,0,0,6,4,0,2000,p20_e20
95,data_p10_e10_n10000_linear_struct_3,0,0,1821,gonzo,0,data_p10_e10_n10000_linear_struct,1.0,0.2,finished,-,achille,,2023-10-04T16:30:10.000Z,385,,False,256,10,1,15,8000,0.01,256,0.0002,0,0.002,0.2,2000,100,0.0005,256,0.005,power_iteration,True,0.01,0.005,linear,0.001,2000,100,0.1,0.0005,0.0855839163996279,10.359971970319748,3.901950975487744,0,0.0088921206188388,0.2864084187895059,7,7,7,9.730727225542068,1.0,1.0,1.0,1.0,1.0,1.0,0,0,0,0,77.7412109375,7,1.0,1.0,0,0,7,1.0,1.0,0,7,1.0,1.0,0,0,7,1.0,1.0,0,0,3,4,0,2000,p10_e10
96,data_p20_e20_n10000_linear_struct_5,0,0,3061,floyd,0,data_p20_e20_n10000_linear_struct,1.0,0.1125,finished,-,achille,,2023-10-04T16:27:42.000Z,1063,,False,256,10,1,15,8000,0.01,256,0.0002,0,0.002,0.2,2000,100,0.0005,256,0.005,power_iteration,True,0.01,0.005,linear,0.001,2000,100,0.1,0.0005,0.0915504195727408,19.88494873046875,9.504752376188094,0,0.0238891007029451,2.149199925363064,19,19,19,16.84169566631317,1.0,1.0,1.0,1.0,1.0,1.0,0,0,0,0,135.4876766204834,19,1.0,1.0,0,0,19,1.0,1.0,0,19,1.0,1.0,0,0,19,1.0,1.0,0,0,5,4,0,2000,p20_e20
97,data_p10_e10_n10000_linear_struct_1,0,0,1881,gonzo,0,data_p10_e10_n10000_linear_struct,1.0,0.16,finished,-,achille,,2023-10-04T16:30:10.000Z,395,,False,256,10,1,15,8000,0.01,256,0.0002,0,0.002,0.2,2000,100,0.0005,256,0.005,power_iteration,True,0.01,0.005,linear,0.001,2000,100,0.1,0.0005,0.0360922863474115,9.623237997293472,3.901950975487744,0,0.0120363302412442,0.3437142102047801,8,8,8,9.1266570687294,1.0,1.0,1.0,1.0,1.0,1.0,0,0,0,0,73.12696743011475,8,1.0,1.0,0,0,8,1.0,1.0,0,8,1.0,1.0,0,0,8,1.0,1.0,0,0,1,4,0,2000,p10_e10
98,data_p20_e20_n10000_nnadd_struct_5,0,2,2941,janice,3,data_p20_e20_n10000_nnadd_struct,1.0,0.105,finished,-,achille,,2023-10-04T16:30:03.000Z,1007,,False,256,10,1,15,8000,0.01,256,0.0002,0,0.002,0.2,2000,100,0.0005,256,0.005,power_iteration,True,0.01,0.005,linear,0.001,2000,100,0.1,0.0005,0.3806886104866862,17.964327812194824,9.504752376188094,0,0.043169904849492,3.184671901166439,21,21,22,11.118135154247284,0.9047619047619048,0.9047619047619048,0.8636363636363636,0.95,0.95,0.95,3,4,2,3,100.37019729614258,20,1.0,1.0,0,0,20,1.0,1.0,0,20,1.0,1.0,0,0,20,1.0,1.0,0,0,5,4,0,2000,p20_e20
99,data_p10_e10_n10000_nnadd_struct_7,0,0,2341,janice,0,data_p10_e10_n10000_nnadd_struct,1.0,0.38,finished,-,achille,,2023-10-04T16:30:03.000Z,727,,False,256,10,1,15,8000,0.01,256,0.0002,0,0.002,0.2,2000,100,0.0005,256,0.005,power_iteration,True,0.01,0.005,linear,0.001,2000,100,0.1,0.0005,0.0481484321644529,8.82910144329071,2.501250625312656,0,0.0217514687683433,0.5852184500545263,11,11,11,8.101700097322464,1.0,1.0,1.0,1.0,1.0,1.0,0,0,0,0,65.20202922821045,11,1.0,1.0,0,0,11,1.0,1.0,0,11,1.0,1.0,0,0,11,1.0,1.0,0,0,7,4,0,2000,p10_e10
100,data_p10_e10_n10000_nnadd_struct_8,0,0,3081,janice,0,data_p10_e10_n10000_nnadd_struct,1.0,0.22,finished,-,achille,,2023-10-04T16:30:03.000Z,947,,False,256,10,1,15,8000,0.01,256,0.0002,0,0.002,0.2,2000,100,0.0005,256,0.005,power_iteration,True,0.01,0.005,linear,0.001,2000,100,0.1,0.0005,0.1803290178067982,6.352773874998093,2.7013506753376686,0,0.019167341873981,0.9112339615821838,11,11,11,4.935240715742111,1.0,1.0,1.0,1.0,1.0,1.0,0,0,0,0,38.98249959945679,11,1.0,1.0,0,0,11,1.0,1.0,0,11,1.0,1.0,0,0,11,1.0,1.0,0,0,8,4,0,2000,p10_e10
101,data_p20_e20_n10000_linear_struct_3,0,0,2201,floyd,0,data_p20_e20_n10000_linear_struct,1.0,0.09,finished,-,achille,,2023-10-04T16:27:42.000Z,584,,False,256,10,1,15,8000,0.01,256,0.0002,0,0.002,0.2,2000,100,0.0005,256,0.005,power_iteration,True,0.01,0.005,linear,0.001,2000,100,0.1,0.0005,0.0967781927902251,22.30285257101059,6.803401700850425,0,0.0177470379276201,0.5251868534833193,13,13,13,21.101497530937195,1.0,1.0,1.0,1.0,1.0,1.0,0,0,0,0,170.44843292236328,13,1.0,1.0,0,0,13,1.0,1.0,0,13,1.0,1.0,0,0,13,1.0,1.0,0,0,3,4,0,2000,p20_e20
102,data_p10_e10_n10000_nnadd_struct_3,0,0,2681,janice,0,data_p10_e10_n10000_nnadd_struct,1.0,0.17,finished,-,achille,,2023-10-04T16:30:03.000Z,1041,,False,256,10,1,15,8000,0.01,256,0.0002,0,0.002,0.2,2000,100,0.0005,256,0.005,power_iteration,True,0.01,0.005,linear,0.001,2000,100,0.1,0.0005,0.1172073329798877,8.788317561149597,3.301650825412706,0,0.0175867397338151,0.8964043259620667,9,9,9,7.487349048256874,1.0,1.0,1.0,1.0,1.0,1.0,0,0,0,0,59.77717971801758,9,1.0,1.0,0,0,9,1.0,1.0,0,9,1.0,1.0,0,0,9,1.0,1.0,0,0,3,4,0,2000,p10_e10
103,data_p10_e10_n10000_nn_struct_4,0,0,3980,rizzo,0,data_p10_e10_n10000_nn_struct,1.0,0.23,finished,-,achille,,2023-10-04T16:30:15.000Z,1038,,False,256,10,1,15,8000,0.01,256,0.0002,0,0.002,0.2,2000,100,0.0005,256,0.005,power_iteration,True,0.01,0.005,linear,0.001,2000,100,0.1,0.0005,0.1148569516371935,8.74851968884468,2.001000500250125,0,0.0157538576168008,0.4632324259728194,11,11,11,8.039704635739326,1.0,1.0,1.0,1.0,1.0,1.0,0,0,0,0,64.65556335449219,11,1.0,1.0,0,0,11,1.0,1.0,0,11,1.0,1.0,0,0,11,1.0,1.0,0,0,4,4,0,2000,p10_e10
104,data_p10_e10_n10000_nn_struct_3,0,0,3980,rizzo,0,data_p10_e10_n10000_nn_struct,1.0,0.18,finished,-,achille,,2023-10-04T16:30:15.000Z,1048,,False,256,10,1,15,8000,0.01,256,0.0002,0,0.002,0.2,2000,100,0.0005,256,0.005,power_iteration,True,0.01,0.005,linear,0.001,2000,100,0.1,0.0005,0.0484322095289826,9.166210412979126,3.2016008004002,0,0.0204160991124808,0.7036870382726192,8,8,8,8.287046656012535,1.0,1.0,1.0,1.0,1.0,1.0,0,0,0,0,66.19517135620117,8,1.0,1.0,0,0,8,1.0,1.0,0,8,1.0,1.0,0,0,8,1.0,1.0,0,0,3,4,0,2000,p10_e10
105,data_p20_e20_n10000_linear_struct_2,0,0,3061,floyd,0,data_p20_e20_n10000_linear_struct,1.0,0.145,finished,-,achille,,2023-10-04T16:27:42.000Z,744,,False,256,10,1,15,8000,0.01,256,0.0002,0,0.002,0.2,2000,100,0.0005,256,0.005,power_iteration,True,0.01,0.005,linear,0.001,2000,100,0.1,0.0005,0.101651218952611,20.83641505241394,6.503251625812906,0,0.0268139651161618,0.5507524870336056,19,19,19,19.597784996032715,1.0,1.0,1.0,1.0,1.0,1.0,0,0,0,0,157.0568389892578,19,1.0,1.0,0,0,19,1.0,1.0,0,19,1.0,1.0,0,0,19,1.0,1.0,0,0,2,4,0,2000,p20_e20
106,data_p10_e10_n10000_linear_struct_10,0,0,1941,bobo,0,data_p10_e10_n10000_linear_struct,1.0,0.15,finished,-,achille,,2023-10-04T16:27:39.000Z,467,,False,256,10,1,15,8000,0.01,256,0.0002,0,0.002,0.2,2000,100,0.0005,256,0.005,power_iteration,True,0.01,0.005,linear,0.001,2000,100,0.1,0.0005,0.0282100541517138,10.409357130527496,2.801400700350175,0,0.0099911129218526,0.2207181411795318,6,6,6,10.09962022304535,1.0,1.0,1.0,1.0,1.0,1.0,0,0,0,0,80.67827892303467,6,1.0,1.0,0,0,6,1.0,1.0,0,6,1.0,1.0,0,0,6,1.0,1.0,0,0,10,4,0,2000,p10_e10
107,data_p20_e20_n10000_linear_struct_4,0,0,2761,floyd,0,data_p20_e20_n10000_linear_struct,1.0,0.155,finished,-,achille,,2023-10-04T16:27:42.000Z,692,,False,256,10,1,15,8000,0.01,256,0.0002,0,0.002,0.2,2000,100,0.0005,256,0.005,power_iteration,True,0.01,0.005,linear,0.001,2000,100,0.1,0.0005,0.060896007460542,19.445534229278564,7.403701850925462,0,0.025187412451487,0.7393927779048681,20,20,20,18.230097889900208,1.0,1.0,1.0,1.0,1.0,1.0,0,0,0,0,146.11407470703125,20,1.0,1.0,0,0,20,1.0,1.0,0,20,1.0,1.0,0,0,18,1.0,0.9,2,2,4,4,0,2000,p20_e20
108,data_p10_e10_n10000_nn_struct_5,0,0,2601,rizzo,0,data_p10_e10_n10000_nn_struct,1.0,0.15,finished,-,achille,,2023-10-04T16:30:15.000Z,698,,False,256,10,1,15,8000,0.01,256,0.0002,0,0.002,0.2,2000,100,0.0005,256,0.005,power_iteration,True,0.01,0.005,linear,0.001,2000,100,0.1,0.0005,0.0561966045061126,9.97796866297722,1.5007503751875937,0,0.0120580846560187,0.3267680555582046,8,8,8,9.554805427789688,1.0,1.0,1.0,1.0,1.0,1.0,0,0,0,0,75.44870185852051,8,1.0,1.0,0,0,8,1.0,1.0,0,8,1.0,1.0,0,0,8,1.0,1.0,0,0,5,4,0,2000,p10_e10
109,data_p10_e10_n10000_linear_struct_4,0,0,1541,gonzo,0,data_p10_e10_n10000_linear_struct,1.0,0.33,finished,-,achille,,2023-10-04T16:30:10.000Z,335,,False,256,10,1,15,8000,0.01,256,0.0002,0,0.002,0.2,2000,100,0.0005,256,0.005,power_iteration,True,0.01,0.005,linear,0.001,2000,100,0.1,0.0005,0.1252083315048366,9.685424625873566,4.00200100050025,0,0.0163241553818807,0.394959906116128,11,11,11,8.773056656122208,1.0,1.0,1.0,1.0,1.0,1.0,0,0,0,0,70.13990688323975,11,1.0,1.0,0,0,11,1.0,1.0,0,11,1.0,1.0,0,0,11,1.0,1.0,0,0,4,4,0,2000,p10_e10
110,data_p20_e20_n10000_linear_struct_8,0,0,2701,floyd,0,data_p20_e20_n10000_linear_struct,1.0,0.12,finished,-,achille,,2023-10-04T16:27:42.000Z,734,,False,256,10,1,15,8000,0.01,256,0.0002,0,0.002,0.2,2000,100,0.0005,256,0.005,power_iteration,True,0.01,0.005,linear,0.001,2000,100,0.1,0.0005,0.0650752634974196,18.801709234714508,8.704352176088044,0,0.0306232279981486,0.7376712746918201,20,20,20,17.46697688102722,1.0,1.0,1.0,1.0,1.0,1.0,0,0,0,0,140.78730010986328,20,1.0,1.0,0,0,20,1.0,1.0,0,20,1.0,1.0,0,0,20,1.0,1.0,0,0,8,4,0,2000,p20_e20
111,data_p10_e10_n10000_nnadd_struct_9,0,0,3140,janice,0,data_p10_e10_n10000_nnadd_struct,1.0,0.32,finished,-,achille,,2023-10-04T16:30:03.000Z,943,,False,256,10,1,15,8000,0.01,256,0.0002,0,0.002,0.2,2000,100,0.0005,256,0.005,power_iteration,True,0.01,0.005,linear,0.001,2000,100,0.1,0.0005,0.1288757247384637,7.564151272177696,2.2011005502751373,0,0.033981014159508,1.1651599407196045,14,14,14,6.081341862678528,1.0,1.0,1.0,1.0,1.0,1.0,0,0,0,0,48.63288879394531,14,1.0,1.0,0,0,14,1.0,1.0,0,14,1.0,1.0,0,0,14,1.0,1.0,0,0,9,4,0,2000,p10_e10
112,data_p20_e20_n10000_nnadd_struct_4,0,0,3561,floyd,0,data_p20_e20_n10000_nnadd_struct,1.0,0.075,finished,-,achille,,2023-10-04T16:27:42.000Z,898,,False,256,10,1,15,8000,0.01,256,0.0002,0,0.002,0.2,2000,100,0.0005,256,0.005,power_iteration,True,0.01,0.005,linear,0.001,2000,100,0.1,0.0005,0.0504062102409079,15.171917766332626,6.903451725862931,0,0.0291423000162467,1.3271203115582466,15,15,15,13.467678308486938,1.0,1.0,1.0,1.0,1.0,1.0,0,0,0,0,109.65726852416992,15,1.0,1.0,0,0,15,1.0,1.0,0,15,1.0,1.0,0,0,15,1.0,1.0,0,0,4,4,0,2000,p20_e20
113,data_p10_e10_n10000_linear_struct_7,0,0,2581,bobo,0,data_p10_e10_n10000_linear_struct,1.0,0.3,finished,-,achille,,2023-10-04T16:27:38.000Z,610,,False,256,10,1,15,8000,0.01,256,0.0002,0,0.002,0.2,2000,100,0.0005,256,0.005,power_iteration,True,0.01,0.005,linear,0.001,2000,100,0.1,0.0005,0.0612096133409068,10.254578918218613,3.4017008504252124,0,0.0099891197460237,0.2613588310778141,9,9,9,9.775014221668243,1.0,1.0,1.0,1.0,1.0,1.0,0,0,0,0,77.91997814178467,9,1.0,1.0,0,0,9,1.0,1.0,0,9,1.0,1.0,0,0,9,1.0,1.0,0,0,7,4,0,2000,p10_e10
114,data_p10_e10_n10000_nnadd_struct_4,0,0,3621,janice,0,data_p10_e10_n10000_nnadd_struct,1.0,0.39,finished,-,achille,,2023-10-04T16:30:03.000Z,1105,,False,256,10,1,15,8000,0.01,256,0.0002,0,0.002,0.2,2000,100,0.0005,256,0.005,power_iteration,True,0.01,0.005,linear,0.001,2000,100,0.1,0.0005,0.0913037210702896,6.891750410199165,2.801400700350175,0,0.0299857589998282,1.0828501842916012,14,14,14,5.523136213421822,1.0,1.0,1.0,1.0,1.0,1.0,0,0,0,0,43.88376474380493,14,1.0,1.0,0,0,14,1.0,1.0,0,14,1.0,1.0,0,0,14,1.0,1.0,0,0,4,4,0,2000,p10_e10
115,data_p10_e10_n10000_nn_struct_10,0,0,2721,statler,0,data_p10_e10_n10000_nn_struct,1.0,0.19,finished,-,achille,,2023-10-04T16:31:36.000Z,1038,,False,256,10,1,15,8000,0.01,256,0.0002,0,0.002,0.2,2000,100,0.0005,256,0.005,power_iteration,True,0.01,0.005,linear,0.001,2000,100,0.1,0.0005,0.1080361653584986,10.293723553419111,1.3006503251625812,0,0.0146147540945094,0.4274340076372027,7,7,7,9.71115756034851,1.0,1.0,1.0,1.0,1.0,1.0,0,0,0,0,77.7430248260498,7,1.0,1.0,0,0,7,1.0,1.0,0,7,1.0,1.0,0,0,7,1.0,1.0,0,0,10,4,0,2000,p10_e10
116,data_p10_e10_n10000_linear_struct_2,0,0,1901,gonzo,0,data_p10_e10_n10000_linear_struct,1.0,0.28,finished,-,achille,,2023-10-04T16:30:10.000Z,397,,False,256,10,1,15,8000,0.01,256,0.0002,0,0.002,0.2,2000,100,0.0005,256,0.005,power_iteration,True,0.01,0.005,linear,0.001,2000,100,0.1,0.0005,0.148772089742124,10.544455081224442,4.202101050525263,0,0.0121592249197419,0.3628283971920609,10,10,10,9.54431203007698,1.0,1.0,1.0,1.0,1.0,1.0,0,0,0,0,76.40950298309326,10,1.0,1.0,0,0,10,1.0,1.0,0,10,1.0,1.0,0,0,10,1.0,1.0,0,0,2,4,0,2000,p10_e10
117,data_p10_e40_n10000_linear_struct_6,0,0,1521,floyd,0,data_p10_e40_n10000_linear_struct,1.0,0.69,finished,-,achille,,2023-10-04T16:27:42.000Z,389,,False,256,10,1,15,8000,0.01,256,0.0002,0,0.002,0.2,2000,100,0.0005,256,0.005,power_iteration,True,0.01,0.005,linear,0.001,2000,100,0.1,0.0005,0.3943560505285859,7.747227936983108,3.5017508754377187,0,0.0290276338346302,0.7524714581668377,39,39,40,5.58479218184948,1.0,1.0,0.975,1.0,1.0,1.0,0,1,0,1,44.18370485305786,40,0.975,1.0,1,1,39,1.0,1.0,0,39,1.0,1.0,0,0,39,1.0,1.0,0,0,6,4,0,2000,p10_e40
118,data_p10_e10_n10000_linear_struct_9,0,0,2681,bobo,0,data_p10_e10_n10000_linear_struct,1.0,0.25,finished,-,achille,,2023-10-04T16:27:39.000Z,627,,False,256,10,1,15,8000,0.01,256,0.0002,0,0.002,0.2,2000,100,0.0005,256,0.005,power_iteration,True,0.01,0.005,linear,0.001,2000,100,0.1,0.0005,0.033904704847373,9.78473648428917,4.302151075537768,0,0.0116859198606107,0.2179868430830538,8,8,8,9.409200727939606,1.0,1.0,1.0,1.0,1.0,1.0,0,0,0,0,75.10751247406006,8,1.0,1.0,0,0,8,1.0,1.0,0,8,1.0,1.0,0,0,8,1.0,1.0,0,0,9,4,0,2000,p10_e10
119,data_p20_e20_n10000_linear_struct_7,0,3,2941,floyd,4,data_p20_e20_n10000_linear_struct,1.0,0.18,finished,-,achille,,2023-10-04T16:27:42.000Z,792,,False,256,10,1,15,8000,0.01,256,0.0002,0,0.002,0.2,2000,100,0.0005,256,0.005,power_iteration,True,0.01,0.005,linear,0.001,2000,100,0.1,0.0005,0.3940642708912492,22.04412561655045,9.504752376188094,0,0.0270016709691844,2.143213309347629,24,23,30,16.128427416086197,0.875,0.9130434782608696,0.7,0.9545454545454546,0.9545454545454546,0.9545454545454546,3,10,2,9,141.93764686584473,22,1.0,1.0,0,0,22,1.0,1.0,0,22,1.0,1.0,0,0,21,1.0,0.9545454545454546,1,1,7,4,0,2000,p20_e20
